/* База данных интернет-аптеки*/

CREATE DATABASE apteka;
USE apteka;


DROP TABLE IF EXISTS `users`;
-- 1. Пользователи --
CREATE TABLE `users` (
  `id` int(10) unsigned NOT NULL AUTO_INCREMENT COMMENT 'Идентификатор строки',
  `first_name` varchar(100) COLLATE utf8mb4_unicode_ci NOT NULL COMMENT 'Имя пользователя',
  `last_name` varchar(100) COLLATE utf8mb4_unicode_ci NOT NULL COMMENT 'Фамилия пользователя',
  `password` varchar(10) COLLATE utf8mb4_unicode_ci NOT NULL COMMENT 'Пароль',
  `email` varchar(100) COLLATE utf8mb4_unicode_ci NOT NULL COMMENT 'Почта',
  `phone` varchar(100) COLLATE utf8mb4_unicode_ci NOT NULL COMMENT 'Телефон',
  `created_at` datetime DEFAULT current_timestamp() COMMENT 'Дата создания строки',
  `updated_at` datetime DEFAULT current_timestamp() COMMENT 'Дата последнего обновления строки',
  PRIMARY KEY (`id`),
  UNIQUE KEY `email` (`email`),
  UNIQUE KEY `phone` (`phone`)
) ENGINE=InnoDB AUTO_INCREMENT=101 DEFAULT CHARSET=utf8mb4 COLLATE=utf8mb4_unicode_ci;

INSERT INTO `users` (`id`, `first_name`, `last_name`, `password`, `email`, `phone`, `created_at`, `updated_at`) VALUES (1, 'Luella', 'Dibbert', '682860f035', 'mhaag@example.com', '223.511.1713', '1979-02-13 18:16:25', '2015-07-01 02:49:30');
INSERT INTO `users` (`id`, `first_name`, `last_name`, `password`, `email`, `phone`, `created_at`, `updated_at`) VALUES (2, 'Braxton', 'Larkin', '8fee96f1ff', 'stehr.marilie@example.org', '(617)269-0408', '1994-09-29 21:19:59', '2005-09-02 17:00:33');
INSERT INTO `users` (`id`, `first_name`, `last_name`, `password`, `email`, `phone`, `created_at`, `updated_at`) VALUES (3, 'Vida', 'Smitham', '6808bd6b67', 'ullrich.ebony@example.net', '064.146.5041x58841', '2005-11-29 05:24:50', '1975-06-07 06:45:41');
INSERT INTO `users` (`id`, `first_name`, `last_name`, `password`, `email`, `phone`, `created_at`, `updated_at`) VALUES (4, 'Geo', 'Lebsack', '337e6a8ffe', 'durgan.josefina@example.org', '(190)263-7776', '1977-12-27 12:33:00', '2019-09-26 23:39:43');
INSERT INTO `users` (`id`, `first_name`, `last_name`, `password`, `email`, `phone`, `created_at`, `updated_at`) VALUES (5, 'Hugh', 'Towne', '3d6107f52e', 'otilia.orn@example.com', '1-478-668-7119x411', '1989-01-21 18:52:38', '1970-02-08 14:48:37');
INSERT INTO `users` (`id`, `first_name`, `last_name`, `password`, `email`, `phone`, `created_at`, `updated_at`) VALUES (6, 'Assunta', 'Gislason', '2aca5dff35', 'emie.brakus@example.net', '05696864828', '1982-11-25 00:08:50', '1978-08-31 13:30:58');
INSERT INTO `users` (`id`, `first_name`, `last_name`, `password`, `email`, `phone`, `created_at`, `updated_at`) VALUES (7, 'Karlie', 'Murazik', '965268d10a', 'curt08@example.com', '(878)968-7920', '1995-09-28 07:25:48', '1979-08-04 08:07:07');
INSERT INTO `users` (`id`, `first_name`, `last_name`, `password`, `email`, `phone`, `created_at`, `updated_at`) VALUES (8, 'Ismael', 'Hills', 'e9d078532f', 'leuschke.kathryne@example.net', '736.231.8862', '1970-04-21 01:49:54', '1995-07-30 03:21:05');
INSERT INTO `users` (`id`, `first_name`, `last_name`, `password`, `email`, `phone`, `created_at`, `updated_at`) VALUES (9, 'Paolo', 'Jacobi', 'd0c0462255', 'ayost@example.org', '183.201.4860x81392', '1973-11-24 15:52:34', '1975-11-08 09:13:55');
INSERT INTO `users` (`id`, `first_name`, `last_name`, `password`, `email`, `phone`, `created_at`, `updated_at`) VALUES (10, 'Betty', 'Hackett', '1d56e462ea', 'yundt.kattie@example.com', '(680)916-5142', '2012-12-24 09:47:36', '1987-04-07 00:11:55');
INSERT INTO `users` (`id`, `first_name`, `last_name`, `password`, `email`, `phone`, `created_at`, `updated_at`) VALUES (11, 'Zelda', 'Abshire', '1c44bc186a', 'klein.chyna@example.org', '(974)558-1222', '2004-10-05 02:40:58', '2016-11-19 00:57:16');
INSERT INTO `users` (`id`, `first_name`, `last_name`, `password`, `email`, `phone`, `created_at`, `updated_at`) VALUES (12, 'Einar', 'Kovacek', '276943679a', 'lesly.ankunding@example.net', '426-368-2358x1597', '2007-06-14 21:12:53', '1995-10-17 09:32:11');
INSERT INTO `users` (`id`, `first_name`, `last_name`, `password`, `email`, `phone`, `created_at`, `updated_at`) VALUES (13, 'Ona', 'Osinski', '4264c79231', 'chickle@example.net', '1-349-945-0212', '1983-12-06 23:25:33', '2001-01-14 07:40:33');
INSERT INTO `users` (`id`, `first_name`, `last_name`, `password`, `email`, `phone`, `created_at`, `updated_at`) VALUES (14, 'Wilber', 'Rosenbaum', '72489fe17b', 'althea52@example.org', '+34(7)4171213149', '1982-11-30 22:49:56', '2014-09-14 00:28:14');
INSERT INTO `users` (`id`, `first_name`, `last_name`, `password`, `email`, `phone`, `created_at`, `updated_at`) VALUES (15, 'Rylan', 'Swaniawski', '97f6704ebd', 'birdie64@example.net', '1-855-836-3041x61828', '1997-03-22 14:38:20', '2009-06-22 07:47:23');
INSERT INTO `users` (`id`, `first_name`, `last_name`, `password`, `email`, `phone`, `created_at`, `updated_at`) VALUES (16, 'Luis', 'Cremin', '279b60a95a', 'yvonne.thompson@example.com', '07015280809', '1996-08-28 20:24:54', '1991-05-22 05:11:49');
INSERT INTO `users` (`id`, `first_name`, `last_name`, `password`, `email`, `phone`, `created_at`, `updated_at`) VALUES (17, 'Darwin', 'Walsh', '9120faf36a', 'estroman@example.org', '579-496-5249', '1983-02-07 04:57:23', '1971-04-07 22:41:12');
INSERT INTO `users` (`id`, `first_name`, `last_name`, `password`, `email`, `phone`, `created_at`, `updated_at`) VALUES (18, 'Marion', 'Effertz', '7118abca00', 'philip45@example.net', '(207)859-3288', '2019-09-14 04:00:59', '2018-03-08 18:37:23');
INSERT INTO `users` (`id`, `first_name`, `last_name`, `password`, `email`, `phone`, `created_at`, `updated_at`) VALUES (19, 'Stacey', 'Halvorson', '3ed1deecf9', 'dina91@example.com', '+67(8)2022609386', '1970-12-09 09:01:24', '1986-12-24 12:55:14');
INSERT INTO `users` (`id`, `first_name`, `last_name`, `password`, `email`, `phone`, `created_at`, `updated_at`) VALUES (20, 'Elfrieda', 'Stark', '93a90348d8', 'zander.jones@example.com', '05821031453', '1994-09-17 17:58:17', '2008-08-17 02:36:35');
INSERT INTO `users` (`id`, `first_name`, `last_name`, `password`, `email`, `phone`, `created_at`, `updated_at`) VALUES (21, 'Lavada', 'Donnelly', 'f673def07a', 'camille97@example.com', '+58(6)7604734873', '2011-01-18 05:59:11', '2017-12-08 05:44:07');
INSERT INTO `users` (`id`, `first_name`, `last_name`, `password`, `email`, `phone`, `created_at`, `updated_at`) VALUES (22, 'Jay', 'Cassin', '94718d952e', 'janiya.gulgowski@example.com', '(678)577-3237x5456', '1982-04-13 21:53:40', '2017-10-29 05:26:53');
INSERT INTO `users` (`id`, `first_name`, `last_name`, `password`, `email`, `phone`, `created_at`, `updated_at`) VALUES (23, 'Amya', 'Hackett', '76ac00414f', 'moriah.corkery@example.org', '723-908-1820x350', '1987-07-23 18:39:47', '2015-12-24 02:22:21');
INSERT INTO `users` (`id`, `first_name`, `last_name`, `password`, `email`, `phone`, `created_at`, `updated_at`) VALUES (24, 'Shanie', 'Hintz', 'ca22770d27', 'isaiah65@example.net', '1-782-846-9975x6964', '2008-05-07 13:37:46', '1986-12-08 15:12:16');
INSERT INTO `users` (`id`, `first_name`, `last_name`, `password`, `email`, `phone`, `created_at`, `updated_at`) VALUES (25, 'Austin', 'Boehm', '8013e6d30f', 'bschoen@example.com', '181.522.6137', '1995-08-10 02:36:06', '2018-10-12 09:15:18');
INSERT INTO `users` (`id`, `first_name`, `last_name`, `password`, `email`, `phone`, `created_at`, `updated_at`) VALUES (26, 'Hollis', 'Cassin', 'f72a65c4d0', 'collier.maxwell@example.net', '090-748-7001x010', '1998-06-04 18:32:20', '1985-06-24 09:00:44');
INSERT INTO `users` (`id`, `first_name`, `last_name`, `password`, `email`, `phone`, `created_at`, `updated_at`) VALUES (27, 'Jayce', 'Welch', '2d4ed4af84', 'ewalter@example.com', '584.826.8151x7171', '2009-02-10 14:28:35', '1987-11-13 20:20:12');
INSERT INTO `users` (`id`, `first_name`, `last_name`, `password`, `email`, `phone`, `created_at`, `updated_at`) VALUES (28, 'Fredrick', 'Cormier', 'a9fc33c41f', 'boehm.renee@example.com', '1-390-307-5540x1717', '1992-11-04 07:08:44', '1980-05-10 15:04:59');
INSERT INTO `users` (`id`, `first_name`, `last_name`, `password`, `email`, `phone`, `created_at`, `updated_at`) VALUES (29, 'Krystel', 'Vandervort', '9cf5304aa7', 'bbreitenberg@example.com', '(323)045-6410x4983', '1986-03-14 09:03:52', '2005-08-04 13:34:09');
INSERT INTO `users` (`id`, `first_name`, `last_name`, `password`, `email`, `phone`, `created_at`, `updated_at`) VALUES (30, 'Arturo', 'Nitzsche', '71206fcc3b', 'tito59@example.com', '025.022.4515', '1976-11-05 07:34:16', '2018-10-09 06:24:57');
INSERT INTO `users` (`id`, `first_name`, `last_name`, `password`, `email`, `phone`, `created_at`, `updated_at`) VALUES (31, 'Patricia', 'Greenfelder', '887e10462e', 'ekreiger@example.org', '1-331-550-2244', '1976-10-29 09:11:29', '1989-03-23 10:20:52');
INSERT INTO `users` (`id`, `first_name`, `last_name`, `password`, `email`, `phone`, `created_at`, `updated_at`) VALUES (32, 'Lorine', 'Wolf', '7f8b6003ad', 'tbarton@example.org', '369.651.3313', '2009-08-10 10:36:35', '2015-07-02 18:18:11');
INSERT INTO `users` (`id`, `first_name`, `last_name`, `password`, `email`, `phone`, `created_at`, `updated_at`) VALUES (33, 'Janet', 'Howell', 'ad7dde5103', 'ewalker@example.com', '1-524-273-3774', '1996-08-18 10:51:46', '1973-07-09 01:51:56');
INSERT INTO `users` (`id`, `first_name`, `last_name`, `password`, `email`, `phone`, `created_at`, `updated_at`) VALUES (34, 'Oscar', 'Koss', '906053282e', 'konopelski.veda@example.org', '(006)068-0075x7408', '2017-12-17 23:56:34', '1994-10-29 04:40:21');
INSERT INTO `users` (`id`, `first_name`, `last_name`, `password`, `email`, `phone`, `created_at`, `updated_at`) VALUES (35, 'Enoch', 'Harvey', '135d01434d', 'kimberly.robel@example.org', '+74(2)4070078368', '1978-06-15 01:32:07', '1972-11-01 10:27:59');
INSERT INTO `users` (`id`, `first_name`, `last_name`, `password`, `email`, `phone`, `created_at`, `updated_at`) VALUES (36, 'Myrtie', 'Marvin', 'ccf550eb47', 'elliott.ebert@example.net', '1-655-874-4206x2043', '1999-01-01 10:53:59', '1976-08-15 22:00:33');
INSERT INTO `users` (`id`, `first_name`, `last_name`, `password`, `email`, `phone`, `created_at`, `updated_at`) VALUES (37, 'Roxane', 'Prohaska', '697df06a8d', 'braun.hermann@example.com', '1-272-808-5080x615', '1989-11-24 05:19:43', '2007-04-14 20:42:10');
INSERT INTO `users` (`id`, `first_name`, `last_name`, `password`, `email`, `phone`, `created_at`, `updated_at`) VALUES (38, 'Vita', 'Hauck', '7eef1e8e11', 'hartmann.ruben@example.com', '493-677-2728', '2021-01-10 11:22:15', '1973-10-14 02:25:48');
INSERT INTO `users` (`id`, `first_name`, `last_name`, `password`, `email`, `phone`, `created_at`, `updated_at`) VALUES (39, 'Noemy', 'Nicolas', '6e3f22d496', 'green.gwendolyn@example.net', '671.681.2911', '2005-01-18 23:11:29', '1981-03-07 07:51:40');
INSERT INTO `users` (`id`, `first_name`, `last_name`, `password`, `email`, `phone`, `created_at`, `updated_at`) VALUES (40, 'Vernie', 'Nikolaus', '8b77c4c582', 'anicolas@example.net', '641-494-4356x537', '1980-04-24 17:43:12', '1982-02-11 23:41:59');
INSERT INTO `users` (`id`, `first_name`, `last_name`, `password`, `email`, `phone`, `created_at`, `updated_at`) VALUES (41, 'Tatum', 'Schamberger', '0ea6fb8e48', 'kenna96@example.net', '(107)389-7296x72186', '1984-03-10 08:45:25', '2000-06-05 15:36:36');
INSERT INTO `users` (`id`, `first_name`, `last_name`, `password`, `email`, `phone`, `created_at`, `updated_at`) VALUES (42, 'Telly', 'Feest', '28109ff47e', 'tbalistreri@example.net', '988.826.9684', '2008-05-06 17:29:14', '1994-06-02 18:18:35');
INSERT INTO `users` (`id`, `first_name`, `last_name`, `password`, `email`, `phone`, `created_at`, `updated_at`) VALUES (43, 'Eda', 'Barton', '5f0e8c754c', 'norma74@example.net', '465-005-4464', '1976-03-15 06:24:27', '2009-02-04 06:37:43');
INSERT INTO `users` (`id`, `first_name`, `last_name`, `password`, `email`, `phone`, `created_at`, `updated_at`) VALUES (44, 'Jesse', 'Heidenreich', 'ea2be854bf', 'isabell.bogan@example.net', '1-055-103-8091', '1970-03-14 10:38:52', '2003-05-13 06:36:33');
INSERT INTO `users` (`id`, `first_name`, `last_name`, `password`, `email`, `phone`, `created_at`, `updated_at`) VALUES (45, 'Casimir', 'Nienow', 'd9ef666729', 'rheidenreich@example.net', '280.718.6333x473', '1984-04-18 16:26:26', '1991-07-19 23:45:46');
INSERT INTO `users` (`id`, `first_name`, `last_name`, `password`, `email`, `phone`, `created_at`, `updated_at`) VALUES (46, 'Javon', 'Swift', '7febffcd60', 'haag.dalton@example.com', '1-006-529-1087', '1996-04-08 18:08:14', '1977-07-30 15:41:52');
INSERT INTO `users` (`id`, `first_name`, `last_name`, `password`, `email`, `phone`, `created_at`, `updated_at`) VALUES (47, 'Armando', 'Moen', '6191c91f54', 'yziemann@example.net', '(155)531-1556', '1973-11-12 10:01:29', '2003-09-03 18:22:09');
INSERT INTO `users` (`id`, `first_name`, `last_name`, `password`, `email`, `phone`, `created_at`, `updated_at`) VALUES (48, 'Horacio', 'Kling', '3d9aa591a5', 'cassandra.block@example.org', '(302)829-2125x094', '1991-10-10 03:57:12', '1972-05-17 16:03:45');
INSERT INTO `users` (`id`, `first_name`, `last_name`, `password`, `email`, `phone`, `created_at`, `updated_at`) VALUES (49, 'Otho', 'Ortiz', '2b58849c7c', 'grady.anderson@example.net', '262-040-2789', '2000-02-24 13:49:57', '1989-01-04 08:38:09');
INSERT INTO `users` (`id`, `first_name`, `last_name`, `password`, `email`, `phone`, `created_at`, `updated_at`) VALUES (50, 'Jabari', 'Christiansen', '63dbe9adb5', 'laurence.willms@example.org', '+12(7)2881581959', '1997-01-29 02:57:47', '2011-10-25 03:06:06');
INSERT INTO `users` (`id`, `first_name`, `last_name`, `password`, `email`, `phone`, `created_at`, `updated_at`) VALUES (51, 'Audie', 'Baumbach', '6a8bf710ec', 'hudson.arnoldo@example.net', '1-880-664-8693', '2003-07-08 17:24:44', '1990-12-25 02:41:27');
INSERT INTO `users` (`id`, `first_name`, `last_name`, `password`, `email`, `phone`, `created_at`, `updated_at`) VALUES (52, 'Jolie', 'Bradtke', '6280873b74', 'wortiz@example.net', '581-160-2358x4918', '1985-05-14 16:27:17', '1971-08-22 06:57:24');
INSERT INTO `users` (`id`, `first_name`, `last_name`, `password`, `email`, `phone`, `created_at`, `updated_at`) VALUES (53, 'Emmanuel', 'Cruickshank', 'b8add169a1', 'hugh08@example.com', '672-612-0823x46933', '1979-03-29 22:41:53', '1981-08-01 03:22:55');
INSERT INTO `users` (`id`, `first_name`, `last_name`, `password`, `email`, `phone`, `created_at`, `updated_at`) VALUES (54, 'Hadley', 'Gibson', '67baa8c7b3', 'emmanuel21@example.com', '116-398-2483x60925', '2009-08-18 12:10:24', '2010-04-22 23:36:50');
INSERT INTO `users` (`id`, `first_name`, `last_name`, `password`, `email`, `phone`, `created_at`, `updated_at`) VALUES (55, 'Allie', 'Ankunding', 'ffc343b65e', 'albin.beatty@example.com', '(119)000-9490x2917', '2021-01-14 09:55:05', '2011-11-09 04:32:12');
INSERT INTO `users` (`id`, `first_name`, `last_name`, `password`, `email`, `phone`, `created_at`, `updated_at`) VALUES (56, 'Skye', 'Hand', 'b466026ee2', 'qwest@example.org', '398-727-2108', '1985-04-25 16:47:19', '2014-06-22 11:58:08');
INSERT INTO `users` (`id`, `first_name`, `last_name`, `password`, `email`, `phone`, `created_at`, `updated_at`) VALUES (57, 'Justina', 'Graham', 'cc37ba1a7f', 'berge.micaela@example.net', '370-579-8873', '1993-02-25 10:09:38', '2015-03-29 08:13:15');
INSERT INTO `users` (`id`, `first_name`, `last_name`, `password`, `email`, `phone`, `created_at`, `updated_at`) VALUES (58, 'Herbert', 'Durgan', 'aa17d40e43', 'ewelch@example.org', '356-628-4286x1966', '2020-07-16 08:23:26', '1976-07-11 12:32:55');
INSERT INTO `users` (`id`, `first_name`, `last_name`, `password`, `email`, `phone`, `created_at`, `updated_at`) VALUES (59, 'Alanna', 'Lang', '5e8e41c446', 'bosco.adrien@example.org', '02682794001', '1974-02-15 13:14:51', '1988-04-12 18:39:18');
INSERT INTO `users` (`id`, `first_name`, `last_name`, `password`, `email`, `phone`, `created_at`, `updated_at`) VALUES (60, 'Spencer', 'Ferry', 'a6b4c7f63e', 'bradtke.kaelyn@example.com', '147.687.5200', '1978-09-05 12:35:57', '2017-08-29 03:15:42');
INSERT INTO `users` (`id`, `first_name`, `last_name`, `password`, `email`, `phone`, `created_at`, `updated_at`) VALUES (61, 'Lindsey', 'Stokes', '12d6e6b729', 'anthony.rippin@example.com', '(804)622-7813x1453', '2016-07-24 18:20:26', '2001-11-05 04:37:53');
INSERT INTO `users` (`id`, `first_name`, `last_name`, `password`, `email`, `phone`, `created_at`, `updated_at`) VALUES (62, 'Loma', 'Rosenbaum', '334543b0d7', 'rose.cole@example.net', '1-466-038-7562', '1986-12-23 00:39:18', '1983-09-21 02:48:11');
INSERT INTO `users` (`id`, `first_name`, `last_name`, `password`, `email`, `phone`, `created_at`, `updated_at`) VALUES (63, 'Eugene', 'Orn', 'ca20a5cb2e', 'jreilly@example.com', '082.773.2549x34059', '1972-05-05 04:47:56', '2005-09-24 21:38:35');
INSERT INTO `users` (`id`, `first_name`, `last_name`, `password`, `email`, `phone`, `created_at`, `updated_at`) VALUES (64, 'Jaida', 'Torp', 'c0fc29809e', 'orville98@example.net', '126-088-4345x38955', '1998-09-26 00:29:23', '1989-10-31 06:31:20');
INSERT INTO `users` (`id`, `first_name`, `last_name`, `password`, `email`, `phone`, `created_at`, `updated_at`) VALUES (65, 'Jordan', 'Cassin', '28131c81b8', 'wunsch.beulah@example.net', '144.453.7797x247', '1988-03-06 06:15:24', '1980-02-06 15:50:16');
INSERT INTO `users` (`id`, `first_name`, `last_name`, `password`, `email`, `phone`, `created_at`, `updated_at`) VALUES (66, 'Elijah', 'Nikolaus', 'a9b1657db0', 'mariam06@example.org', '+87(1)9478770639', '1974-09-30 16:54:11', '1984-05-27 05:36:18');
INSERT INTO `users` (`id`, `first_name`, `last_name`, `password`, `email`, `phone`, `created_at`, `updated_at`) VALUES (67, 'Maybelle', 'Wisozk', 'bc415824ce', 'oemmerich@example.org', '+58(9)8984568034', '1980-11-04 06:00:53', '1994-12-06 02:44:52');
INSERT INTO `users` (`id`, `first_name`, `last_name`, `password`, `email`, `phone`, `created_at`, `updated_at`) VALUES (68, 'Miracle', 'Champlin', '0601141b8c', 'epfannerstill@example.net', '1-712-969-4189x46960', '1990-10-02 11:18:53', '1986-03-22 03:58:48');
INSERT INTO `users` (`id`, `first_name`, `last_name`, `password`, `email`, `phone`, `created_at`, `updated_at`) VALUES (69, 'Tierra', 'Moore', 'cec11e6cdf', 'darren.johnston@example.org', '091.446.4304x38970', '2014-07-27 08:26:52', '1985-12-13 01:12:35');
INSERT INTO `users` (`id`, `first_name`, `last_name`, `password`, `email`, `phone`, `created_at`, `updated_at`) VALUES (70, 'Genevieve', 'Harris', '098aca7876', 'effertz.demond@example.net', '1-430-341-3784', '2007-05-02 07:56:45', '2020-04-25 16:49:40');
INSERT INTO `users` (`id`, `first_name`, `last_name`, `password`, `email`, `phone`, `created_at`, `updated_at`) VALUES (71, 'May', 'Leffler', 'bea2bc45ea', 'sharon.wunsch@example.net', '(917)478-9423x3550', '1988-01-15 23:18:47', '1989-11-01 08:13:18');
INSERT INTO `users` (`id`, `first_name`, `last_name`, `password`, `email`, `phone`, `created_at`, `updated_at`) VALUES (72, 'Emmanuelle', 'Hirthe', '67ac8b8d95', 'elnora.o\'connell@example.com', '431.541.0171x586', '1973-12-19 15:34:06', '1978-12-09 23:10:43');
INSERT INTO `users` (`id`, `first_name`, `last_name`, `password`, `email`, `phone`, `created_at`, `updated_at`) VALUES (73, 'Alta', 'Friesen', '6f6ef06fd9', 'marquardt.queenie@example.org', '440.711.3328x29391', '2016-06-13 19:16:43', '1975-05-06 17:32:55');
INSERT INTO `users` (`id`, `first_name`, `last_name`, `password`, `email`, `phone`, `created_at`, `updated_at`) VALUES (74, 'Evalyn', 'Heidenreich', '43af5a5151', 'jklocko@example.com', '+15(1)1060139849', '2015-03-17 02:23:42', '1977-10-18 02:19:09');
INSERT INTO `users` (`id`, `first_name`, `last_name`, `password`, `email`, `phone`, `created_at`, `updated_at`) VALUES (75, 'Samson', 'O\'Connell', '58c9be0356', 'maia.smitham@example.net', '(666)710-9262', '2016-05-02 05:25:01', '1971-03-29 07:44:00');
INSERT INTO `users` (`id`, `first_name`, `last_name`, `password`, `email`, `phone`, `created_at`, `updated_at`) VALUES (76, 'Maudie', 'Dietrich', '994d266c58', 'otto92@example.net', '03580798084', '2015-05-24 19:24:40', '1994-06-05 20:43:04');
INSERT INTO `users` (`id`, `first_name`, `last_name`, `password`, `email`, `phone`, `created_at`, `updated_at`) VALUES (77, 'Constance', 'Rath', '4a02a26d31', 'monte01@example.com', '(753)436-4397x444', '2000-09-20 06:26:01', '2014-02-01 13:09:17');
INSERT INTO `users` (`id`, `first_name`, `last_name`, `password`, `email`, `phone`, `created_at`, `updated_at`) VALUES (78, 'Ahmed', 'Bode', '5519e0effd', 'winston.toy@example.org', '1-511-820-7192x014', '2020-05-13 20:58:25', '2006-01-29 09:24:13');
INSERT INTO `users` (`id`, `first_name`, `last_name`, `password`, `email`, `phone`, `created_at`, `updated_at`) VALUES (79, 'Theresia', 'Will', 'f7e23a30af', 'vernice.bergstrom@example.com', '(758)867-6471x65778', '1993-02-20 15:47:09', '1974-11-02 02:41:34');
INSERT INTO `users` (`id`, `first_name`, `last_name`, `password`, `email`, `phone`, `created_at`, `updated_at`) VALUES (80, 'Myriam', 'Gerhold', 'c79b9c6b6e', 'yrolfson@example.org', '569-862-5063x07661', '2014-12-03 06:45:13', '1979-07-18 04:12:38');
INSERT INTO `users` (`id`, `first_name`, `last_name`, `password`, `email`, `phone`, `created_at`, `updated_at`) VALUES (81, 'Alessia', 'Haag', 'a9cdeef4c6', 'breitenberg.bonita@example.net', '562-113-5237x79076', '1973-09-28 14:18:53', '1976-07-04 14:05:41');
INSERT INTO `users` (`id`, `first_name`, `last_name`, `password`, `email`, `phone`, `created_at`, `updated_at`) VALUES (82, 'Rogelio', 'Pouros', 'abaffc65e6', 'vida23@example.com', '02493240331', '1985-03-25 21:20:09', '2010-12-07 05:36:59');
INSERT INTO `users` (`id`, `first_name`, `last_name`, `password`, `email`, `phone`, `created_at`, `updated_at`) VALUES (83, 'Karolann', 'Borer', 'b24b5ca404', 'martine66@example.org', '715-907-0081x7497', '1973-06-15 12:08:11', '2006-04-17 17:27:04');
INSERT INTO `users` (`id`, `first_name`, `last_name`, `password`, `email`, `phone`, `created_at`, `updated_at`) VALUES (84, 'Alexandre', 'Hettinger', '763a552679', 'haleigh93@example.com', '059.615.3009x3070', '1991-07-21 11:25:48', '1997-04-20 21:47:17');
INSERT INTO `users` (`id`, `first_name`, `last_name`, `password`, `email`, `phone`, `created_at`, `updated_at`) VALUES (85, 'Mazie', 'McDermott', 'dc231609c0', 'bert.boyer@example.org', '1-898-313-0129', '1970-12-09 03:25:04', '1987-05-16 00:50:05');
INSERT INTO `users` (`id`, `first_name`, `last_name`, `password`, `email`, `phone`, `created_at`, `updated_at`) VALUES (86, 'Audie', 'Hoppe', '01a85c864e', 'wiza.makayla@example.net', '887-809-4346x73209', '1995-07-08 20:41:27', '2010-03-31 16:42:25');
INSERT INTO `users` (`id`, `first_name`, `last_name`, `password`, `email`, `phone`, `created_at`, `updated_at`) VALUES (87, 'Lorine', 'Okuneva', '674b06330e', 'pdouglas@example.com', '035-789-0068x909', '2002-08-01 10:39:11', '1975-10-10 13:17:04');
INSERT INTO `users` (`id`, `first_name`, `last_name`, `password`, `email`, `phone`, `created_at`, `updated_at`) VALUES (88, 'Rosina', 'Boyle', 'd88f05c81a', 'narciso65@example.org', '(666)254-8317', '2009-06-19 17:58:38', '1979-02-25 03:49:12');
INSERT INTO `users` (`id`, `first_name`, `last_name`, `password`, `email`, `phone`, `created_at`, `updated_at`) VALUES (89, 'Charles', 'Simonis', '18e0100a89', 'qdonnelly@example.net', '942.281.8630x9478', '1984-12-31 04:22:41', '2006-01-07 05:58:11');
INSERT INTO `users` (`id`, `first_name`, `last_name`, `password`, `email`, `phone`, `created_at`, `updated_at`) VALUES (90, 'Ebba', 'Lebsack', 'dc4990e9dd', 'romaguera.irma@example.org', '05168209543', '2019-08-19 03:17:34', '1972-05-10 20:03:58');
INSERT INTO `users` (`id`, `first_name`, `last_name`, `password`, `email`, `phone`, `created_at`, `updated_at`) VALUES (91, 'Colten', 'Streich', 'd729c56e54', 'federico61@example.net', '005-084-6708', '1994-01-15 18:18:28', '1987-08-15 08:53:14');
INSERT INTO `users` (`id`, `first_name`, `last_name`, `password`, `email`, `phone`, `created_at`, `updated_at`) VALUES (92, 'Jamison', 'Schaefer', '03bcca25e9', 'alison.connelly@example.net', '1-679-857-0466x56273', '1982-06-18 01:51:59', '1976-08-19 10:45:19');
INSERT INTO `users` (`id`, `first_name`, `last_name`, `password`, `email`, `phone`, `created_at`, `updated_at`) VALUES (93, 'Skye', 'McCullough', 'bcffda4c50', 'shayne72@example.org', '(654)045-7426x7287', '1978-02-25 03:29:05', '2006-06-02 00:23:48');
INSERT INTO `users` (`id`, `first_name`, `last_name`, `password`, `email`, `phone`, `created_at`, `updated_at`) VALUES (94, 'Sabina', 'Auer', 'cccb31f7ab', 'kcarter@example.net', '09528157550', '2007-10-27 11:24:24', '1974-08-07 03:08:28');
INSERT INTO `users` (`id`, `first_name`, `last_name`, `password`, `email`, `phone`, `created_at`, `updated_at`) VALUES (95, 'Pearl', 'Weimann', '909f169fb1', 'ted76@example.net', '08980057129', '1976-09-04 17:40:42', '2014-02-13 14:20:26');
INSERT INTO `users` (`id`, `first_name`, `last_name`, `password`, `email`, `phone`, `created_at`, `updated_at`) VALUES (96, 'Lyda', 'Mosciski', '8c2e2851e6', 'giovanna20@example.net', '379-756-4666', '2000-06-09 19:31:54', '2012-09-16 02:39:35');
INSERT INTO `users` (`id`, `first_name`, `last_name`, `password`, `email`, `phone`, `created_at`, `updated_at`) VALUES (97, 'Maddison', 'Hoppe', '293761f5fa', 'irath@example.net', '04546732801', '2004-10-22 19:42:45', '1973-11-14 07:00:01');
INSERT INTO `users` (`id`, `first_name`, `last_name`, `password`, `email`, `phone`, `created_at`, `updated_at`) VALUES (98, 'Cassandre', 'Hickle', 'eec3238854', 'trace59@example.net', '494.076.3208x9894', '2009-06-15 01:54:06', '2007-03-17 20:00:37');
INSERT INTO `users` (`id`, `first_name`, `last_name`, `password`, `email`, `phone`, `created_at`, `updated_at`) VALUES (99, 'Mohammed', 'Marvin', '4972dd9a12', 'jewel.reichel@example.com', '(946)858-0130x2387', '2012-11-24 05:08:49', '1997-08-30 14:39:04');
INSERT INTO `users` (`id`, `first_name`, `last_name`, `password`, `email`, `phone`, `created_at`, `updated_at`) VALUES (100, 'Addison', 'Frami', 'e4707e7882', 'chaz.haag@example.net', '150-452-7101', '2017-03-07 19:44:35', '2011-04-10 17:50:10');

DROP TABLE IF EXISTS `profile`;
-- 2.Профиль --
CREATE TABLE `profile` (
  `user_id` int(10) unsigned NOT NULL AUTO_INCREMENT COMMENT 'Идентификатор пользователя',
  `gender` varchar(10) COLLATE utf8mb4_unicode_ci DEFAULT NULL COMMENT 'Пол пользователя',
  `bithday` date DEFAULT NULL COMMENT 'Дата рождения пользователя',
  `city` varchar(50) COLLATE utf8mb4_unicode_ci NOT NULL COMMENT 'Город',
  `country` varchar(100) COLLATE utf8mb4_unicode_ci NOT NULL COMMENT 'Страна',
  `created_at` datetime DEFAULT current_timestamp() COMMENT 'Дата создания строки',
  `updated_at` datetime DEFAULT current_timestamp() COMMENT 'Дата последнего обновления строки',
  PRIMARY KEY (`user_id`)
) ENGINE=InnoDB AUTO_INCREMENT=101 DEFAULT CHARSET=utf8mb4 COLLATE=utf8mb4_unicode_ci;

INSERT INTO `profile` (`user_id`, `gender`, `bithday`, `city`, `country`, `created_at`, `updated_at`) VALUES (1, 'female', '2017-08-19', 'Alessandraview', 'Switzerland', '1995-07-29 13:12:23', '2009-05-15 07:22:06');
INSERT INTO `profile` (`user_id`, `gender`, `bithday`, `city`, `country`, `created_at`, `updated_at`) VALUES (2, ' male', '2016-07-09', 'Danielmouth', 'Botswana', '1972-01-09 03:29:25', '2013-05-27 18:52:40');
INSERT INTO `profile` (`user_id`, `gender`, `bithday`, `city`, `country`, `created_at`, `updated_at`) VALUES (3, ' male', '1997-04-03', 'Lavadatown', 'Burundi', '1981-09-20 07:36:11', '2012-02-09 06:33:39');
INSERT INTO `profile` (`user_id`, `gender`, `bithday`, `city`, `country`, `created_at`, `updated_at`) VALUES (4, ' male', '2000-09-19', 'Lake Michellehaven', 'Iran', '1985-06-24 01:19:47', '1996-03-24 10:49:01');
INSERT INTO `profile` (`user_id`, `gender`, `bithday`, `city`, `country`, `created_at`, `updated_at`) VALUES (5, ' female', '2004-08-27', 'Ferrytown', 'Germany', '2001-12-13 21:25:40', '2018-03-27 21:10:29');
INSERT INTO `profile` (`user_id`, `gender`, `bithday`, `city`, `country`, `created_at`, `updated_at`) VALUES (6, ' male', '1987-05-08', 'New Austin', 'Tanzania', '1972-10-16 19:36:50', '2019-04-17 15:42:57');
INSERT INTO `profile` (`user_id`, `gender`, `bithday`, `city`, `country`, `created_at`, `updated_at`) VALUES (7, ' male', '1987-06-22', 'East Tyrell', 'Bouvet Island (Bouvetoya)', '2006-11-27 19:25:26', '2010-08-16 10:27:15');
INSERT INTO `profile` (`user_id`, `gender`, `bithday`, `city`, `country`, `created_at`, `updated_at`) VALUES (8, 'male', '1984-08-04', 'Port Lauren', 'Dominican Republic', '1989-07-06 14:03:34', '2015-06-26 04:11:27');
INSERT INTO `profile` (`user_id`, `gender`, `bithday`, `city`, `country`, `created_at`, `updated_at`) VALUES (9, 'male', '2011-06-12', 'Lake Maymie', 'Trinidad and Tobago', '2002-02-25 19:45:09', '1998-06-02 02:08:48');
INSERT INTO `profile` (`user_id`, `gender`, `bithday`, `city`, `country`, `created_at`, `updated_at`) VALUES (10, 'female', '1971-01-21', 'East Paoloberg', 'Armenia', '1973-04-24 00:18:58', '1997-10-15 19:45:54');
INSERT INTO `profile` (`user_id`, `gender`, `bithday`, `city`, `country`, `created_at`, `updated_at`) VALUES (11, ' female', '2013-07-12', 'Rorystad', 'Solomon Islands', '2008-11-11 06:08:20', '2016-05-04 20:48:13');
INSERT INTO `profile` (`user_id`, `gender`, `bithday`, `city`, `country`, `created_at`, `updated_at`) VALUES (12, 'female', '1982-03-18', 'Fionafurt', 'Lesotho', '1984-01-07 00:59:00', '1973-10-03 20:44:12');
INSERT INTO `profile` (`user_id`, `gender`, `bithday`, `city`, `country`, `created_at`, `updated_at`) VALUES (13, ' male', '2016-06-01', 'Lake Bernadette', 'Libyan Arab Jamahiriya', '1990-11-11 13:43:55', '1991-02-04 05:41:25');
INSERT INTO `profile` (`user_id`, `gender`, `bithday`, `city`, `country`, `created_at`, `updated_at`) VALUES (14, 'female', '1989-05-04', 'East Raphaelhaven', 'Yemen', '1991-05-02 09:32:09', '2013-03-13 14:50:54');
INSERT INTO `profile` (`user_id`, `gender`, `bithday`, `city`, `country`, `created_at`, `updated_at`) VALUES (15, ' male', '2006-06-15', 'Saigefort', 'Lao People\'s Democratic Republic', '2019-10-04 16:24:48', '1973-06-21 18:24:43');
INSERT INTO `profile` (`user_id`, `gender`, `bithday`, `city`, `country`, `created_at`, `updated_at`) VALUES (16, 'male', '1997-06-07', 'East Dallaschester', 'Grenada', '1997-03-05 09:14:39', '1989-03-28 22:42:15');
INSERT INTO `profile` (`user_id`, `gender`, `bithday`, `city`, `country`, `created_at`, `updated_at`) VALUES (17, 'female', '2007-12-15', 'Jerryborough', 'United Arab Emirates', '1974-04-07 17:25:22', '2012-11-11 05:20:05');
INSERT INTO `profile` (`user_id`, `gender`, `bithday`, `city`, `country`, `created_at`, `updated_at`) VALUES (18, ' female', '2015-06-16', 'Torphyfort', 'Lithuania', '2017-11-29 21:36:37', '1977-11-16 15:23:51');
INSERT INTO `profile` (`user_id`, `gender`, `bithday`, `city`, `country`, `created_at`, `updated_at`) VALUES (19, ' female', '2001-08-25', 'Heloisehaven', 'Northern Mariana Islands', '2014-08-19 10:59:40', '1998-04-06 03:05:28');
INSERT INTO `profile` (`user_id`, `gender`, `bithday`, `city`, `country`, `created_at`, `updated_at`) VALUES (20, ' male', '1992-04-10', 'Goyettebury', 'Dominica', '1981-02-20 03:11:05', '1983-05-30 18:58:13');
INSERT INTO `profile` (`user_id`, `gender`, `bithday`, `city`, `country`, `created_at`, `updated_at`) VALUES (21, 'female', '2008-12-03', 'North Juniorville', 'Portugal', '2002-03-31 20:14:46', '1982-02-16 01:55:07');
INSERT INTO `profile` (`user_id`, `gender`, `bithday`, `city`, `country`, `created_at`, `updated_at`) VALUES (22, ' male', '2001-11-24', 'Kunzeberg', 'South Africa', '2010-06-20 17:21:48', '1970-08-13 14:19:24');
INSERT INTO `profile` (`user_id`, `gender`, `bithday`, `city`, `country`, `created_at`, `updated_at`) VALUES (23, ' male', '2010-09-02', 'North Anikatown', 'Peru', '2006-04-12 18:01:12', '2008-11-07 11:27:28');
INSERT INTO `profile` (`user_id`, `gender`, `bithday`, `city`, `country`, `created_at`, `updated_at`) VALUES (24, ' female', '1997-11-29', 'Mannberg', 'Iceland', '2002-04-23 21:11:57', '2008-11-29 18:41:23');
INSERT INTO `profile` (`user_id`, `gender`, `bithday`, `city`, `country`, `created_at`, `updated_at`) VALUES (25, ' female', '1986-07-08', 'Caesarshire', 'Hong Kong', '1998-05-09 11:56:31', '1994-05-21 14:31:42');
INSERT INTO `profile` (`user_id`, `gender`, `bithday`, `city`, `country`, `created_at`, `updated_at`) VALUES (26, ' male', '1977-02-02', 'Macton', 'Bahamas', '1981-10-06 05:36:36', '1986-06-12 22:35:48');
INSERT INTO `profile` (`user_id`, `gender`, `bithday`, `city`, `country`, `created_at`, `updated_at`) VALUES (27, ' male', '1976-07-07', 'Feliciashire', 'Estonia', '1992-09-17 11:57:49', '2021-01-15 12:20:05');
INSERT INTO `profile` (`user_id`, `gender`, `bithday`, `city`, `country`, `created_at`, `updated_at`) VALUES (28, ' female', '1986-01-14', 'Lake Zola', 'Saint Vincent and the Grenadines', '2018-04-03 21:42:16', '2002-09-23 08:58:55');
INSERT INTO `profile` (`user_id`, `gender`, `bithday`, `city`, `country`, `created_at`, `updated_at`) VALUES (29, ' female', '1998-09-10', 'Doloreston', 'Cocos (Keeling) Islands', '2014-02-02 06:54:15', '2003-04-25 22:59:05');
INSERT INTO `profile` (`user_id`, `gender`, `bithday`, `city`, `country`, `created_at`, `updated_at`) VALUES (30, 'female', '1978-09-12', 'South Jaquelinside', 'Cuba', '1977-12-11 14:53:29', '2008-01-14 04:53:40');
INSERT INTO `profile` (`user_id`, `gender`, `bithday`, `city`, `country`, `created_at`, `updated_at`) VALUES (31, ' male', '1973-04-13', 'Marjolainemouth', 'Russian Federation', '2010-11-10 03:02:18', '2006-06-18 05:43:27');
INSERT INTO `profile` (`user_id`, `gender`, `bithday`, `city`, `country`, `created_at`, `updated_at`) VALUES (32, ' female', '2008-08-01', 'Neldaport', 'Gambia', '1974-02-04 06:35:14', '2015-01-29 17:14:00');
INSERT INTO `profile` (`user_id`, `gender`, `bithday`, `city`, `country`, `created_at`, `updated_at`) VALUES (33, ' male', '2009-01-27', 'McGlynnside', 'Saint Helena', '2007-09-10 11:45:01', '1974-03-19 21:21:57');
INSERT INTO `profile` (`user_id`, `gender`, `bithday`, `city`, `country`, `created_at`, `updated_at`) VALUES (34, ' female', '2012-09-12', 'West Nedra', 'Montenegro', '1995-01-25 21:22:54', '2005-09-11 15:31:05');
INSERT INTO `profile` (`user_id`, `gender`, `bithday`, `city`, `country`, `created_at`, `updated_at`) VALUES (35, 'male', '2012-01-14', 'Sabrynamouth', 'Samoa', '1997-01-29 01:37:17', '2013-05-25 00:41:16');
INSERT INTO `profile` (`user_id`, `gender`, `bithday`, `city`, `country`, `created_at`, `updated_at`) VALUES (36, 'male', '1977-06-21', 'South Torreyborough', 'Latvia', '1996-08-17 17:40:05', '2001-08-26 23:41:28');
INSERT INTO `profile` (`user_id`, `gender`, `bithday`, `city`, `country`, `created_at`, `updated_at`) VALUES (37, 'male', '1983-09-10', 'Ariellefurt', 'Bosnia and Herzegovina', '1980-06-04 23:39:38', '1989-12-07 10:36:29');
INSERT INTO `profile` (`user_id`, `gender`, `bithday`, `city`, `country`, `created_at`, `updated_at`) VALUES (38, ' male', '1983-12-28', 'New Kattiemouth', 'El Salvador', '1977-02-03 17:45:04', '2011-09-14 07:49:25');
INSERT INTO `profile` (`user_id`, `gender`, `bithday`, `city`, `country`, `created_at`, `updated_at`) VALUES (39, ' female', '1976-04-22', 'Elishahaven', 'Pitcairn Islands', '1982-11-09 15:46:00', '2019-07-21 07:06:17');
INSERT INTO `profile` (`user_id`, `gender`, `bithday`, `city`, `country`, `created_at`, `updated_at`) VALUES (40, ' female', '1970-01-24', 'Beiermouth', 'United States Minor Outlying Islands', '1970-07-17 10:50:27', '1986-06-03 01:02:45');
INSERT INTO `profile` (`user_id`, `gender`, `bithday`, `city`, `country`, `created_at`, `updated_at`) VALUES (41, 'female', '1990-10-27', 'North Kelli', 'Saint Barthelemy', '2012-03-08 10:02:28', '1985-08-15 01:43:32');
INSERT INTO `profile` (`user_id`, `gender`, `bithday`, `city`, `country`, `created_at`, `updated_at`) VALUES (42, ' male', '1970-01-19', 'Schillerstad', 'Micronesia', '2020-10-05 16:19:36', '2011-09-05 18:43:55');
INSERT INTO `profile` (`user_id`, `gender`, `bithday`, `city`, `country`, `created_at`, `updated_at`) VALUES (43, ' female', '1996-12-28', 'New Isaiahville', 'Qatar', '2017-03-20 09:15:00', '2005-08-10 08:34:31');
INSERT INTO `profile` (`user_id`, `gender`, `bithday`, `city`, `country`, `created_at`, `updated_at`) VALUES (44, 'male', '2002-01-31', 'West Ceceliaport', 'Cape Verde', '1972-01-20 00:45:56', '1999-11-21 05:04:47');
INSERT INTO `profile` (`user_id`, `gender`, `bithday`, `city`, `country`, `created_at`, `updated_at`) VALUES (45, 'male', '2012-09-08', 'South Shyanne', 'Malaysia', '2008-05-24 13:19:43', '1979-09-27 23:18:11');
INSERT INTO `profile` (`user_id`, `gender`, `bithday`, `city`, `country`, `created_at`, `updated_at`) VALUES (46, ' female', '1984-01-19', 'East Kylashire', 'Romania', '2011-11-27 21:30:19', '2001-02-02 07:33:24');
INSERT INTO `profile` (`user_id`, `gender`, `bithday`, `city`, `country`, `created_at`, `updated_at`) VALUES (47, 'male', '2012-02-10', 'Hudsonmouth', 'Nepal', '1972-01-09 17:41:51', '2008-05-02 11:47:03');
INSERT INTO `profile` (`user_id`, `gender`, `bithday`, `city`, `country`, `created_at`, `updated_at`) VALUES (48, 'male', '2014-04-04', 'Viviannebury', 'Cambodia', '2013-02-25 00:42:19', '1980-10-09 06:24:43');
INSERT INTO `profile` (`user_id`, `gender`, `bithday`, `city`, `country`, `created_at`, `updated_at`) VALUES (49, ' female', '2018-03-17', 'Isomland', 'Liberia', '2005-12-30 22:32:11', '1993-04-21 14:44:30');
INSERT INTO `profile` (`user_id`, `gender`, `bithday`, `city`, `country`, `created_at`, `updated_at`) VALUES (50, 'male', '1989-10-08', 'South Kelvinland', 'Morocco', '2007-12-14 02:59:30', '2014-01-10 02:01:12');
INSERT INTO `profile` (`user_id`, `gender`, `bithday`, `city`, `country`, `created_at`, `updated_at`) VALUES (51, ' male', '1998-04-18', 'Cruickshankland', 'Paraguay', '2018-03-24 05:43:01', '2008-10-31 23:54:12');
INSERT INTO `profile` (`user_id`, `gender`, `bithday`, `city`, `country`, `created_at`, `updated_at`) VALUES (52, 'male', '1979-12-04', 'Rosalynbury', 'Croatia', '1983-06-05 22:21:01', '1973-02-12 18:32:23');
INSERT INTO `profile` (`user_id`, `gender`, `bithday`, `city`, `country`, `created_at`, `updated_at`) VALUES (53, 'female', '1974-02-22', 'Maudestad', 'Niue', '2006-09-13 13:26:21', '2018-05-08 02:49:50');
INSERT INTO `profile` (`user_id`, `gender`, `bithday`, `city`, `country`, `created_at`, `updated_at`) VALUES (54, 'female', '2010-09-22', 'North Jerrodport', 'Cameroon', '1974-02-23 17:25:13', '1999-12-19 16:48:57');
INSERT INTO `profile` (`user_id`, `gender`, `bithday`, `city`, `country`, `created_at`, `updated_at`) VALUES (55, 'male', '1992-08-29', 'Sageland', 'Jersey', '1976-04-11 08:42:02', '2013-05-26 00:05:11');
INSERT INTO `profile` (`user_id`, `gender`, `bithday`, `city`, `country`, `created_at`, `updated_at`) VALUES (56, 'female', '1998-11-27', 'Runteside', 'Puerto Rico', '2010-05-15 16:57:10', '1985-05-17 20:44:19');
INSERT INTO `profile` (`user_id`, `gender`, `bithday`, `city`, `country`, `created_at`, `updated_at`) VALUES (57, ' female', '2014-03-14', 'North Paris', 'Australia', '1975-04-04 15:52:02', '1993-05-05 17:38:08');
INSERT INTO `profile` (`user_id`, `gender`, `bithday`, `city`, `country`, `created_at`, `updated_at`) VALUES (58, ' female', '1997-10-25', 'Antonestad', 'Gibraltar', '1986-07-07 01:21:11', '1973-12-10 23:02:54');
INSERT INTO `profile` (`user_id`, `gender`, `bithday`, `city`, `country`, `created_at`, `updated_at`) VALUES (59, 'female', '1990-06-17', 'New Lululand', 'Greenland', '1973-06-09 17:19:11', '1970-05-12 23:23:12');
INSERT INTO `profile` (`user_id`, `gender`, `bithday`, `city`, `country`, `created_at`, `updated_at`) VALUES (60, 'female', '2012-06-23', 'Sylviaport', 'Netherlands Antilles', '1978-08-15 20:50:32', '1975-09-29 00:35:18');
INSERT INTO `profile` (`user_id`, `gender`, `bithday`, `city`, `country`, `created_at`, `updated_at`) VALUES (61, 'female', '2013-08-28', 'Lake Mandymouth', 'Antigua and Barbuda', '1996-02-06 12:07:10', '2006-09-28 13:40:51');
INSERT INTO `profile` (`user_id`, `gender`, `bithday`, `city`, `country`, `created_at`, `updated_at`) VALUES (62, 'female', '1998-07-19', 'New Kristianchester', 'Norfolk Island', '1978-02-03 12:15:07', '1975-12-27 23:25:59');
INSERT INTO `profile` (`user_id`, `gender`, `bithday`, `city`, `country`, `created_at`, `updated_at`) VALUES (63, 'male', '1997-11-16', 'Gudrunmouth', 'Haiti', '1973-01-17 07:08:31', '1989-05-09 10:38:54');
INSERT INTO `profile` (`user_id`, `gender`, `bithday`, `city`, `country`, `created_at`, `updated_at`) VALUES (64, ' female', '2005-08-22', 'West Kaya', 'Aruba', '2011-01-02 10:39:49', '2014-07-05 19:14:13');
INSERT INTO `profile` (`user_id`, `gender`, `bithday`, `city`, `country`, `created_at`, `updated_at`) VALUES (65, 'female', '1990-08-21', 'North Raeganton', 'Turks and Caicos Islands', '2003-06-25 04:41:38', '2008-08-14 02:51:15');
INSERT INTO `profile` (`user_id`, `gender`, `bithday`, `city`, `country`, `created_at`, `updated_at`) VALUES (66, 'male', '1978-05-11', 'Yvonneland', 'Georgia', '2020-12-20 04:25:53', '2019-10-15 20:12:46');
INSERT INTO `profile` (`user_id`, `gender`, `bithday`, `city`, `country`, `created_at`, `updated_at`) VALUES (67, 'female', '1999-11-28', 'Collinsmouth', 'United Kingdom', '1985-08-08 16:32:26', '2001-02-12 14:47:05');
INSERT INTO `profile` (`user_id`, `gender`, `bithday`, `city`, `country`, `created_at`, `updated_at`) VALUES (68, ' female', '1977-12-03', 'New Keyon', 'Sri Lanka', '1991-02-02 12:22:49', '1988-07-30 20:46:35');
INSERT INTO `profile` (`user_id`, `gender`, `bithday`, `city`, `country`, `created_at`, `updated_at`) VALUES (69, ' female', '1976-03-14', 'Carrollbury', 'Brunei Darussalam', '1982-04-11 02:27:57', '1992-11-14 00:09:47');
INSERT INTO `profile` (`user_id`, `gender`, `bithday`, `city`, `country`, `created_at`, `updated_at`) VALUES (70, 'male', '1985-02-10', 'East Melody', 'Nicaragua', '2010-10-01 12:43:39', '1985-01-31 05:37:21');
INSERT INTO `profile` (`user_id`, `gender`, `bithday`, `city`, `country`, `created_at`, `updated_at`) VALUES (71, 'male', '2016-05-14', 'Port Sterlingmouth', 'Falkland Islands (Malvinas)', '2012-10-24 16:30:01', '1989-09-07 08:54:21');
INSERT INTO `profile` (`user_id`, `gender`, `bithday`, `city`, `country`, `created_at`, `updated_at`) VALUES (72, ' male', '1977-08-05', 'West Vicente', 'Guernsey', '1988-09-24 04:07:05', '2000-07-11 11:27:48');
INSERT INTO `profile` (`user_id`, `gender`, `bithday`, `city`, `country`, `created_at`, `updated_at`) VALUES (73, 'female', '1971-08-13', 'Lake Orvilletown', 'French Guiana', '1991-05-18 21:58:18', '2003-05-10 03:24:30');
INSERT INTO `profile` (`user_id`, `gender`, `bithday`, `city`, `country`, `created_at`, `updated_at`) VALUES (74, 'male', '2012-10-03', 'Daltonberg', 'Senegal', '2002-03-17 20:59:42', '2017-12-29 04:08:58');
INSERT INTO `profile` (`user_id`, `gender`, `bithday`, `city`, `country`, `created_at`, `updated_at`) VALUES (75, 'female', '2010-06-13', 'East Stella', 'France', '2003-10-07 04:46:24', '2002-11-11 19:43:23');
INSERT INTO `profile` (`user_id`, `gender`, `bithday`, `city`, `country`, `created_at`, `updated_at`) VALUES (76, ' male', '1989-01-04', 'Lake Kieramouth', 'Iraq', '1981-08-15 01:26:19', '1993-12-21 15:31:02');
INSERT INTO `profile` (`user_id`, `gender`, `bithday`, `city`, `country`, `created_at`, `updated_at`) VALUES (77, 'male', '2003-11-19', 'Turnerburgh', 'Israel', '1982-10-23 11:41:38', '2008-08-09 08:21:11');
INSERT INTO `profile` (`user_id`, `gender`, `bithday`, `city`, `country`, `created_at`, `updated_at`) VALUES (78, 'male', '1982-06-24', 'Dorothyside', 'Thailand', '1998-07-04 18:54:43', '1994-06-20 03:31:54');
INSERT INTO `profile` (`user_id`, `gender`, `bithday`, `city`, `country`, `created_at`, `updated_at`) VALUES (79, 'female', '2016-10-05', 'Mertzchester', 'Christmas Island', '2002-11-16 02:55:21', '1999-04-06 06:54:00');
INSERT INTO `profile` (`user_id`, `gender`, `bithday`, `city`, `country`, `created_at`, `updated_at`) VALUES (80, ' female', '2010-05-20', 'West Aniyahmouth', 'Congo', '1974-01-18 20:42:58', '2000-09-30 04:13:26');
INSERT INTO `profile` (`user_id`, `gender`, `bithday`, `city`, `country`, `created_at`, `updated_at`) VALUES (81, 'male', '1973-09-10', 'Earlinemouth', 'Italy', '1997-07-31 19:39:09', '1992-10-25 14:15:06');
INSERT INTO `profile` (`user_id`, `gender`, `bithday`, `city`, `country`, `created_at`, `updated_at`) VALUES (82, 'male', '1977-08-20', 'West Harold', 'Guinea', '1988-04-26 04:00:26', '2003-02-26 09:43:25');
INSERT INTO `profile` (`user_id`, `gender`, `bithday`, `city`, `country`, `created_at`, `updated_at`) VALUES (83, 'male', '1992-10-27', 'Port Alejandra', 'Ethiopia', '1982-02-21 13:16:36', '2017-09-03 07:34:04');
INSERT INTO `profile` (`user_id`, `gender`, `bithday`, `city`, `country`, `created_at`, `updated_at`) VALUES (84, 'male', '2008-10-08', 'New Evangeline', 'Finland', '2003-06-01 14:14:06', '1986-12-19 20:31:30');
INSERT INTO `profile` (`user_id`, `gender`, `bithday`, `city`, `country`, `created_at`, `updated_at`) VALUES (85, ' male', '2011-11-16', 'Kylefort', 'Zambia', '2001-06-17 05:38:52', '2011-07-23 18:15:22');
INSERT INTO `profile` (`user_id`, `gender`, `bithday`, `city`, `country`, `created_at`, `updated_at`) VALUES (86, ' female', '1994-09-15', 'Westshire', 'Brazil', '2019-06-03 21:27:12', '1971-08-09 23:59:48');
INSERT INTO `profile` (`user_id`, `gender`, `bithday`, `city`, `country`, `created_at`, `updated_at`) VALUES (87, 'male', '1985-09-11', 'Torphyberg', 'Nauru', '2017-05-28 15:36:23', '2014-03-22 21:05:50');
INSERT INTO `profile` (`user_id`, `gender`, `bithday`, `city`, `country`, `created_at`, `updated_at`) VALUES (88, ' male', '1972-08-06', 'South Reynold', 'Equatorial Guinea', '1993-07-22 15:56:29', '1972-07-27 13:21:39');
INSERT INTO `profile` (`user_id`, `gender`, `bithday`, `city`, `country`, `created_at`, `updated_at`) VALUES (89, ' female', '2016-10-02', 'East Jeniferhaven', 'Taiwan', '1972-06-08 18:51:20', '1983-11-07 07:50:19');
INSERT INTO `profile` (`user_id`, `gender`, `bithday`, `city`, `country`, `created_at`, `updated_at`) VALUES (90, 'female', '2008-11-18', 'Tillmanshire', 'Argentina', '1997-03-10 17:59:11', '1977-06-02 07:05:55');
INSERT INTO `profile` (`user_id`, `gender`, `bithday`, `city`, `country`, `created_at`, `updated_at`) VALUES (91, 'female', '2005-02-16', 'North Giovannimouth', 'Macao', '1970-04-01 19:02:46', '2002-09-22 07:53:38');
INSERT INTO `profile` (`user_id`, `gender`, `bithday`, `city`, `country`, `created_at`, `updated_at`) VALUES (92, 'male', '2002-06-06', 'West Lilaburgh', 'China', '1996-11-28 02:04:40', '1980-03-20 23:00:08');
INSERT INTO `profile` (`user_id`, `gender`, `bithday`, `city`, `country`, `created_at`, `updated_at`) VALUES (93, ' male', '2007-11-18', 'South Jamiestad', 'Mauritania', '1980-11-26 09:40:15', '2003-10-12 22:15:14');
INSERT INTO `profile` (`user_id`, `gender`, `bithday`, `city`, `country`, `created_at`, `updated_at`) VALUES (94, ' female', '1996-08-08', 'Klingtown', 'Tunisia', '2004-12-19 10:28:20', '1979-07-31 12:54:08');
INSERT INTO `profile` (`user_id`, `gender`, `bithday`, `city`, `country`, `created_at`, `updated_at`) VALUES (95, ' female', '1998-11-16', 'Emilianoport', 'Egypt', '1990-09-07 11:21:22', '2015-06-07 18:10:19');
INSERT INTO `profile` (`user_id`, `gender`, `bithday`, `city`, `country`, `created_at`, `updated_at`) VALUES (96, 'female', '2018-04-21', 'Abelhaven', 'Tajikistan', '1976-05-10 09:08:50', '1978-05-06 22:03:23');
INSERT INTO `profile` (`user_id`, `gender`, `bithday`, `city`, `country`, `created_at`, `updated_at`) VALUES (97, 'female', '1988-05-03', 'Maryamport', 'Cyprus', '1987-03-04 12:49:12', '2004-06-03 06:35:26');
INSERT INTO `profile` (`user_id`, `gender`, `bithday`, `city`, `country`, `created_at`, `updated_at`) VALUES (98, ' male', '2010-09-09', 'South Jasontown', 'Timor-Leste', '1979-06-22 12:54:51', '1970-04-25 21:41:49');
INSERT INTO `profile` (`user_id`, `gender`, `bithday`, `city`, `country`, `created_at`, `updated_at`) VALUES (99, ' male', '2013-03-10', 'New Emelia', 'New Zealand', '1996-10-27 05:01:36', '1994-12-06 17:37:18');
INSERT INTO `profile` (`user_id`, `gender`, `bithday`, `city`, `country`, `created_at`, `updated_at`) VALUES (100, ' male', '1996-03-03', 'Yoshikomouth', 'Madagascar', '2016-12-03 16:04:44', '1996-09-29 14:40:24');


DROP TABLE IF EXISTS `cataloge`;
-- 3. Каталог --
CREATE TABLE `cataloge` (
  `id` int(10) unsigned NOT NULL AUTO_INCREMENT COMMENT 'Идентификатор строки',
  `name` varchar(100) COLLATE utf8mb4_unicode_ci NOT NULL COMMENT 'Название каталога',
  `created_at` datetime DEFAULT current_timestamp() COMMENT 'Дата создания строки',
  `updated_at` datetime DEFAULT current_timestamp() COMMENT 'Дата последнего обновления строки',
  PRIMARY KEY (`id`)
) ENGINE=InnoDB AUTO_INCREMENT=11 DEFAULT CHARSET=utf8mb4 COLLATE=utf8mb4_unicode_ci;

INSERT INTO `cataloge` (`id`, `name`, `created_at`, `updated_at`) VALUES (1, 'лекарства', '1981-11-27 06:55:15', '1981-11-17 12:02:37');
INSERT INTO `cataloge` (`id`, `name`, `created_at`, `updated_at`) VALUES (2, 'БАД', '2016-07-17 11:02:40', '2019-01-30 04:45:46');
INSERT INTO `cataloge` (`id`, `name`, `created_at`, `updated_at`) VALUES (3, 'косметика', '1972-02-04 01:17:38', '1993-04-25 07:56:46');
INSERT INTO `cataloge` (`id`, `name`, `created_at`, `updated_at`) VALUES (4, 'мед.техника', '2011-06-24 22:46:13', '2021-01-21 06:11:46');
INSERT INTO `cataloge` (`id`, `name`, `created_at`, `updated_at`) VALUES (5, 'мама и ребенок', '1985-03-01 10:33:23', '1976-10-22 21:59:00');
INSERT INTO `cataloge` (`id`, `name`, `created_at`, `updated_at`) VALUES (6, 'семья', '2013-09-26 10:55:03', '1985-01-25 05:11:00');
INSERT INTO `cataloge` (`id`, `name`, `created_at`, `updated_at`) VALUES (7, 'питание', '2006-11-14 01:32:25', '1994-12-03 13:26:01');
INSERT INTO `cataloge` (`id`, `name`, `created_at`, `updated_at`) VALUES (8, 'лекарственные травы ', '1988-03-28 11:08:19', '1980-02-16 08:00:12');
INSERT INTO `cataloge` (`id`, `name`, `created_at`, `updated_at`) VALUES (9, 'изделия мед назначения', '2017-02-25 07:26:59', '1995-06-11 14:26:55');
INSERT INTO `cataloge` (`id`, `name`, `created_at`, `updated_at`) VALUES (10, 'первая помощь', '2014-10-06 18:25:28', '2015-02-25 22:58:06');




DROP TABLE IF EXISTS `subcataloge`;
-- 4. Подкаталог --
CREATE TABLE `subcataloge` (
  `id` int(10) unsigned NOT NULL AUTO_INCREMENT COMMENT 'Идентификатор строки',
  `catalode_id` int(10) unsigned NOT NULL COMMENT 'Идетнификатор каталога',
  `name` varchar(100) COLLATE utf8mb4_unicode_ci NOT NULL COMMENT 'Название подкаталога',
  `created_at` datetime DEFAULT current_timestamp() COMMENT 'Дата создания строки',
  `updated_at` datetime DEFAULT current_timestamp() COMMENT 'Дата последнего обновления строки',
  PRIMARY KEY (`id`)
) ENGINE=InnoDB AUTO_INCREMENT=51 DEFAULT CHARSET=utf8mb4 COLLATE=utf8mb4_unicode_ci;

INSERT INTO `subcataloge` (`id`, `catalode_id`, `name`, `created_at`, `updated_at`) VALUES (1, 4, 'et', '2014-07-14 09:54:00', '1986-03-08 21:33:12');
INSERT INTO `subcataloge` (`id`, `catalode_id`, `name`, `created_at`, `updated_at`) VALUES (2, 10, 'saepe', '1999-02-22 04:13:18', '1984-02-21 12:04:37');
INSERT INTO `subcataloge` (`id`, `catalode_id`, `name`, `created_at`, `updated_at`) VALUES (3, 10, 'et', '1988-11-28 00:49:58', '1979-12-05 10:53:25');
INSERT INTO `subcataloge` (`id`, `catalode_id`, `name`, `created_at`, `updated_at`) VALUES (4, 7, 'quis', '1986-05-13 04:51:40', '2001-03-16 20:55:08');
INSERT INTO `subcataloge` (`id`, `catalode_id`, `name`, `created_at`, `updated_at`) VALUES (5, 4, 'corrupti', '1987-06-15 08:25:20', '1988-04-15 12:51:59');
INSERT INTO `subcataloge` (`id`, `catalode_id`, `name`, `created_at`, `updated_at`) VALUES (6, 9, 'dolorem', '1991-12-27 11:39:53', '1983-03-31 12:51:25');
INSERT INTO `subcataloge` (`id`, `catalode_id`, `name`, `created_at`, `updated_at`) VALUES (7, 3, 'velit', '2000-09-06 02:11:44', '2004-04-21 03:53:36');
INSERT INTO `subcataloge` (`id`, `catalode_id`, `name`, `created_at`, `updated_at`) VALUES (8, 3, 'sequi', '2016-07-15 16:19:04', '1976-07-14 22:53:33');
INSERT INTO `subcataloge` (`id`, `catalode_id`, `name`, `created_at`, `updated_at`) VALUES (9, 5, 'voluptas', '2001-12-08 05:26:05', '1987-09-09 01:33:23');
INSERT INTO `subcataloge` (`id`, `catalode_id`, `name`, `created_at`, `updated_at`) VALUES (10, 1, 'eveniet', '2001-08-16 11:15:38', '2004-01-11 01:31:05');
INSERT INTO `subcataloge` (`id`, `catalode_id`, `name`, `created_at`, `updated_at`) VALUES (11, 4, 'blanditiis', '2006-04-17 09:43:50', '1975-04-27 23:25:14');
INSERT INTO `subcataloge` (`id`, `catalode_id`, `name`, `created_at`, `updated_at`) VALUES (12, 9, 'voluptatem', '2018-04-04 04:28:02', '1977-12-14 06:39:13');
INSERT INTO `subcataloge` (`id`, `catalode_id`, `name`, `created_at`, `updated_at`) VALUES (13, 9, 'corporis', '2004-05-12 14:11:33', '2013-10-24 06:13:33');
INSERT INTO `subcataloge` (`id`, `catalode_id`, `name`, `created_at`, `updated_at`) VALUES (14, 6, 'itaque', '2009-01-24 06:58:17', '1996-12-05 19:50:19');
INSERT INTO `subcataloge` (`id`, `catalode_id`, `name`, `created_at`, `updated_at`) VALUES (15, 3, 'quis', '1977-01-18 19:16:33', '2010-11-10 21:48:10');
INSERT INTO `subcataloge` (`id`, `catalode_id`, `name`, `created_at`, `updated_at`) VALUES (16, 5, 'ea', '2002-10-01 01:45:56', '1992-06-20 11:47:41');
INSERT INTO `subcataloge` (`id`, `catalode_id`, `name`, `created_at`, `updated_at`) VALUES (17, 8, 'impedit', '1972-06-01 23:43:19', '2021-04-21 15:42:06');
INSERT INTO `subcataloge` (`id`, `catalode_id`, `name`, `created_at`, `updated_at`) VALUES (18, 9, 'voluptatibus', '1989-12-25 21:22:58', '1992-02-10 18:14:29');
INSERT INTO `subcataloge` (`id`, `catalode_id`, `name`, `created_at`, `updated_at`) VALUES (19, 10, 'qui', '1990-10-22 05:58:31', '1999-06-29 03:38:53');
INSERT INTO `subcataloge` (`id`, `catalode_id`, `name`, `created_at`, `updated_at`) VALUES (20, 8, 'minus', '1999-01-23 07:32:00', '1983-07-02 07:33:58');
INSERT INTO `subcataloge` (`id`, `catalode_id`, `name`, `created_at`, `updated_at`) VALUES (21, 3, 'quos', '1990-07-06 05:49:25', '1979-07-05 21:24:01');
INSERT INTO `subcataloge` (`id`, `catalode_id`, `name`, `created_at`, `updated_at`) VALUES (22, 10, 'sed', '1997-01-30 19:10:15', '1992-04-10 20:18:57');
INSERT INTO `subcataloge` (`id`, `catalode_id`, `name`, `created_at`, `updated_at`) VALUES (23, 1, 'ut', '1974-08-22 12:45:45', '1992-01-30 02:17:05');
INSERT INTO `subcataloge` (`id`, `catalode_id`, `name`, `created_at`, `updated_at`) VALUES (24, 4, 'quasi', '2021-01-21 05:05:17', '1978-01-14 15:20:33');
INSERT INTO `subcataloge` (`id`, `catalode_id`, `name`, `created_at`, `updated_at`) VALUES (25, 1, 'autem', '1997-02-22 21:37:16', '1986-02-10 22:33:53');
INSERT INTO `subcataloge` (`id`, `catalode_id`, `name`, `created_at`, `updated_at`) VALUES (26, 8, 'nihil', '2001-09-11 19:26:01', '2007-05-18 16:08:49');
INSERT INTO `subcataloge` (`id`, `catalode_id`, `name`, `created_at`, `updated_at`) VALUES (27, 5, 'debitis', '1981-08-14 18:37:55', '2007-04-25 19:35:57');
INSERT INTO `subcataloge` (`id`, `catalode_id`, `name`, `created_at`, `updated_at`) VALUES (28, 3, 'ullam', '1984-05-16 04:02:16', '2018-05-21 02:08:32');
INSERT INTO `subcataloge` (`id`, `catalode_id`, `name`, `created_at`, `updated_at`) VALUES (29, 4, 'dolorem', '2008-06-25 15:28:49', '2011-04-27 10:00:24');
INSERT INTO `subcataloge` (`id`, `catalode_id`, `name`, `created_at`, `updated_at`) VALUES (30, 9, 'nulla', '1980-06-03 00:40:27', '1994-10-15 02:24:15');
INSERT INTO `subcataloge` (`id`, `catalode_id`, `name`, `created_at`, `updated_at`) VALUES (31, 3, 'cumque', '2011-07-21 17:27:03', '1979-09-13 08:13:17');
INSERT INTO `subcataloge` (`id`, `catalode_id`, `name`, `created_at`, `updated_at`) VALUES (32, 3, 'et', '1992-03-03 03:50:00', '2000-10-17 18:25:17');
INSERT INTO `subcataloge` (`id`, `catalode_id`, `name`, `created_at`, `updated_at`) VALUES (33, 8, 'id', '2001-01-01 10:33:51', '2017-10-23 09:43:44');
INSERT INTO `subcataloge` (`id`, `catalode_id`, `name`, `created_at`, `updated_at`) VALUES (34, 1, 'provident', '2012-06-10 12:48:50', '1987-09-16 04:03:21');
INSERT INTO `subcataloge` (`id`, `catalode_id`, `name`, `created_at`, `updated_at`) VALUES (35, 1, 'dolorem', '2008-03-28 21:46:44', '2001-06-03 05:28:01');
INSERT INTO `subcataloge` (`id`, `catalode_id`, `name`, `created_at`, `updated_at`) VALUES (36, 6, 'accusantium', '1986-12-17 16:37:33', '2006-05-17 02:47:16');
INSERT INTO `subcataloge` (`id`, `catalode_id`, `name`, `created_at`, `updated_at`) VALUES (37, 9, 'delectus', '1972-08-13 06:08:29', '1978-08-27 13:37:38');
INSERT INTO `subcataloge` (`id`, `catalode_id`, `name`, `created_at`, `updated_at`) VALUES (38, 5, 'nobis', '2011-03-26 23:29:22', '1983-06-08 05:23:01');
INSERT INTO `subcataloge` (`id`, `catalode_id`, `name`, `created_at`, `updated_at`) VALUES (39, 2, 'eveniet', '1992-08-10 22:05:53', '2018-05-04 06:00:34');
INSERT INTO `subcataloge` (`id`, `catalode_id`, `name`, `created_at`, `updated_at`) VALUES (40, 9, 'deleniti', '2015-12-07 09:32:47', '2005-04-29 08:40:50');
INSERT INTO `subcataloge` (`id`, `catalode_id`, `name`, `created_at`, `updated_at`) VALUES (41, 6, 'unde', '2020-03-13 03:34:23', '2017-11-30 01:04:12');
INSERT INTO `subcataloge` (`id`, `catalode_id`, `name`, `created_at`, `updated_at`) VALUES (42, 9, 'soluta', '2013-08-16 15:41:20', '1991-07-09 14:19:13');
INSERT INTO `subcataloge` (`id`, `catalode_id`, `name`, `created_at`, `updated_at`) VALUES (43, 5, 'ex', '2005-12-17 11:53:44', '1992-04-04 10:32:23');
INSERT INTO `subcataloge` (`id`, `catalode_id`, `name`, `created_at`, `updated_at`) VALUES (44, 4, 'illum', '1976-03-29 13:12:17', '2006-08-26 05:32:41');
INSERT INTO `subcataloge` (`id`, `catalode_id`, `name`, `created_at`, `updated_at`) VALUES (45, 6, 'deleniti', '2006-09-04 14:57:36', '1989-06-20 21:10:34');
INSERT INTO `subcataloge` (`id`, `catalode_id`, `name`, `created_at`, `updated_at`) VALUES (46, 3, 'placeat', '1986-11-24 05:26:55', '2018-03-12 04:00:21');
INSERT INTO `subcataloge` (`id`, `catalode_id`, `name`, `created_at`, `updated_at`) VALUES (47, 3, 'ut', '1992-06-11 17:30:55', '1998-07-10 14:03:15');
INSERT INTO `subcataloge` (`id`, `catalode_id`, `name`, `created_at`, `updated_at`) VALUES (48, 1, 'et', '1989-12-13 04:52:00', '2007-12-17 16:42:36');
INSERT INTO `subcataloge` (`id`, `catalode_id`, `name`, `created_at`, `updated_at`) VALUES (49, 3, 'et', '2014-02-17 07:43:43', '1986-04-27 09:41:48');
INSERT INTO `subcataloge` (`id`, `catalode_id`, `name`, `created_at`, `updated_at`) VALUES (50, 4, 'consequatur', '1983-07-27 11:13:06', '1970-05-01 10:50:49');

DROP TABLE IF EXISTS `product`;
-- 5. Продукт ---
CREATE TABLE `product` (
  `id` int(10) unsigned NOT NULL AUTO_INCREMENT COMMENT 'Идентификатор строки',
  `subcatalode_id` int(10) unsigned NOT NULL COMMENT 'Идетификатор подкаталога',
  `name` varchar(100) COLLATE utf8mb4_unicode_ci NOT NULL COMMENT 'Название подкаталога',
  `price` int(10) unsigned NOT NULL COMMENT 'Цена товара',
  `prod_date` date DEFAULT NULL COMMENT 'Дата производства',
  `doze` varchar(50) COLLATE utf8mb4_unicode_ci DEFAULT NULL COMMENT 'Дозировка',
  `created_at` datetime DEFAULT current_timestamp() COMMENT 'Дата создания строки',
  `updated_at` datetime DEFAULT current_timestamp() COMMENT 'Дата последнего обновления строки',
  PRIMARY KEY (`id`)
) ENGINE=InnoDB AUTO_INCREMENT=101 DEFAULT CHARSET=utf8mb4 COLLATE=utf8mb4_unicode_ci;

INSERT INTO `product` (`id`, `subcatalode_id`, `name`, `price`, `prod_date`, `doze`, `created_at`, `updated_at`) VALUES (1, 46, 'quis', 2539, '1984-10-10', '140150.23', '1984-01-13 05:11:59', '2005-12-17 01:50:53');
INSERT INTO `product` (`id`, `subcatalode_id`, `name`, `price`, `prod_date`, `doze`, `created_at`, `updated_at`) VALUES (2, 8, 'exercitationem', 494, '2004-08-25', '36.02', '1994-08-26 12:53:35', '2017-10-28 12:51:19');
INSERT INTO `product` (`id`, `subcatalode_id`, `name`, `price`, `prod_date`, `doze`, `created_at`, `updated_at`) VALUES (3, 11, 'vero', 4488, '2004-03-31', '1034974', '1982-09-11 22:15:01', '1973-04-06 02:27:31');
INSERT INTO `product` (`id`, `subcatalode_id`, `name`, `price`, `prod_date`, `doze`, `created_at`, `updated_at`) VALUES (4, 4, 'aperiam', 2289, '1971-12-17', '1178728.4', '2008-11-19 15:37:57', '1992-01-18 01:12:01');
INSERT INTO `product` (`id`, `subcatalode_id`, `name`, `price`, `prod_date`, `doze`, `created_at`, `updated_at`) VALUES (5, 47, 'dolore', 17, '1984-09-24', '15232746.2', '2012-04-01 01:19:16', '1976-11-18 08:57:11');
INSERT INTO `product` (`id`, `subcatalode_id`, `name`, `price`, `prod_date`, `doze`, `created_at`, `updated_at`) VALUES (6, 26, 'placeat', 29, '1995-09-22', '6.2339502', '2014-09-26 04:21:30', '1971-12-14 19:05:09');
INSERT INTO `product` (`id`, `subcatalode_id`, `name`, `price`, `prod_date`, `doze`, `created_at`, `updated_at`) VALUES (7, 23, 'reprehenderit', 3375, '2006-04-29', '', '2001-01-16 21:31:41', '2007-05-30 07:03:34');
INSERT INTO `product` (`id`, `subcatalode_id`, `name`, `price`, `prod_date`, `doze`, `created_at`, `updated_at`) VALUES (8, 14, 'autem', 321, '2005-01-23', '45.2562', '1998-07-23 06:52:59', '2004-04-26 15:20:04');
INSERT INTO `product` (`id`, `subcatalode_id`, `name`, `price`, `prod_date`, `doze`, `created_at`, `updated_at`) VALUES (9, 16, 'iste', 100, '1983-02-05', '5037033.517', '1970-06-22 19:48:23', '1970-11-05 10:11:19');
INSERT INTO `product` (`id`, `subcatalode_id`, `name`, `price`, `prod_date`, `doze`, `created_at`, `updated_at`) VALUES (10, 12, 'quia', 4238, '1978-08-08', '5397.32997794', '2006-09-11 20:45:01', '1975-11-25 22:11:56');
INSERT INTO `product` (`id`, `subcatalode_id`, `name`, `price`, `prod_date`, `doze`, `created_at`, `updated_at`) VALUES (11, 13, 'dolorum', 1500, '1981-08-29', '8', '2011-07-02 16:03:48', '2005-02-28 03:13:22');
INSERT INTO `product` (`id`, `subcatalode_id`, `name`, `price`, `prod_date`, `doze`, `created_at`, `updated_at`) VALUES (12, 13, 'animi', 621, '2015-11-15', '3.6120774', '1972-10-01 07:19:47', '1979-04-12 12:37:49');
INSERT INTO `product` (`id`, `subcatalode_id`, `name`, `price`, `prod_date`, `doze`, `created_at`, `updated_at`) VALUES (13, 4, 'culpa', 439, '2014-11-24', '496266.37214317', '2001-08-23 14:24:05', '1990-09-21 01:28:59');
INSERT INTO `product` (`id`, `subcatalode_id`, `name`, `price`, `prod_date`, `doze`, `created_at`, `updated_at`) VALUES (14, 1, 'in', 319, '1994-09-30', '', '2015-08-04 23:32:33', '1995-08-25 04:18:40');
INSERT INTO `product` (`id`, `subcatalode_id`, `name`, `price`, `prod_date`, `doze`, `created_at`, `updated_at`) VALUES (15, 26, 'porro', 1441, '2018-08-03', '7356728.4815554', '2015-10-15 20:47:11', '1974-10-25 21:29:40');
INSERT INTO `product` (`id`, `subcatalode_id`, `name`, `price`, `prod_date`, `doze`, `created_at`, `updated_at`) VALUES (16, 17, 'voluptates', 1623, '1974-06-07', '150094.5', '1971-06-29 13:40:38', '2003-08-18 07:21:31');
INSERT INTO `product` (`id`, `subcatalode_id`, `name`, `price`, `prod_date`, `doze`, `created_at`, `updated_at`) VALUES (17, 46, 'quis', 1, '2020-04-05', '239019.2', '2005-12-06 18:47:08', '1994-06-10 23:12:15');
INSERT INTO `product` (`id`, `subcatalode_id`, `name`, `price`, `prod_date`, `doze`, `created_at`, `updated_at`) VALUES (18, 15, 'officia', 2423, '2011-05-02', '7347741.4110212', '1994-04-18 18:10:41', '2009-01-15 16:03:46');
INSERT INTO `product` (`id`, `subcatalode_id`, `name`, `price`, `prod_date`, `doze`, `created_at`, `updated_at`) VALUES (19, 17, 'consequatur', 1002, '2000-03-03', '374.422', '1979-06-28 11:27:11', '2013-11-23 14:53:00');
INSERT INTO `product` (`id`, `subcatalode_id`, `name`, `price`, `prod_date`, `doze`, `created_at`, `updated_at`) VALUES (20, 22, 'et', 857, '1987-02-21', '153158.76368939', '2019-03-15 00:57:57', '1970-07-01 05:49:36');
INSERT INTO `product` (`id`, `subcatalode_id`, `name`, `price`, `prod_date`, `doze`, `created_at`, `updated_at`) VALUES (21, 17, 'eaque', 80793, '2019-04-28', '52.7444', '2005-05-17 07:50:51', '2013-03-12 15:01:05');
INSERT INTO `product` (`id`, `subcatalode_id`, `name`, `price`, `prod_date`, `doze`, `created_at`, `updated_at`) VALUES (22, 14, 'aperiam', 2352, '1980-10-26', '30.3246909', '2021-03-23 20:41:35', '2017-03-06 09:36:22');
INSERT INTO `product` (`id`, `subcatalode_id`, `name`, `price`, `prod_date`, `doze`, `created_at`, `updated_at`) VALUES (23, 50, 'consequatur', 107, '2017-01-09', '613446.182278', '1985-10-17 15:28:41', '2015-11-29 19:56:16');
INSERT INTO `product` (`id`, `subcatalode_id`, `name`, `price`, `prod_date`, `doze`, `created_at`, `updated_at`) VALUES (24, 35, 'sit', 1, '2013-09-18', '14.9990264', '2001-10-15 21:53:09', '2016-05-30 05:20:31');
INSERT INTO `product` (`id`, `subcatalode_id`, `name`, `price`, `prod_date`, `doze`, `created_at`, `updated_at`) VALUES (25, 9, 'ab', 19, '1986-03-21', '5013.5571609', '2020-08-26 20:10:22', '1987-04-16 09:57:28');
INSERT INTO `product` (`id`, `subcatalode_id`, `name`, `price`, `prod_date`, `doze`, `created_at`, `updated_at`) VALUES (26, 16, 'nobis', 386, '1981-03-12', '323787828.95113', '1984-12-25 11:15:19', '2014-08-19 19:14:12');
INSERT INTO `product` (`id`, `subcatalode_id`, `name`, `price`, `prod_date`, `doze`, `created_at`, `updated_at`) VALUES (27, 2, 'perspiciatis', 160, '1994-12-13', '161294.4612208', '1992-07-04 04:18:48', '2003-06-22 19:39:02');
INSERT INTO `product` (`id`, `subcatalode_id`, `name`, `price`, `prod_date`, `doze`, `created_at`, `updated_at`) VALUES (28, 14, 'quisquam', 282, '1998-01-07', '0.8249672', '2008-07-22 09:45:17', '2009-07-10 04:40:04');
INSERT INTO `product` (`id`, `subcatalode_id`, `name`, `price`, `prod_date`, `doze`, `created_at`, `updated_at`) VALUES (29, 30, 'esse', 32, '1984-09-02', '7.092448562', '1976-06-26 19:24:40', '1971-12-05 12:21:22');
INSERT INTO `product` (`id`, `subcatalode_id`, `name`, `price`, `prod_date`, `doze`, `created_at`, `updated_at`) VALUES (30, 39, 'aut', 69, '2013-08-10', '897450993.3', '1976-08-14 23:49:02', '1988-04-17 10:01:39');
INSERT INTO `product` (`id`, `subcatalode_id`, `name`, `price`, `prod_date`, `doze`, `created_at`, `updated_at`) VALUES (31, 9, 'corporis', 210, '1993-02-04', '5980581.7', '1972-02-20 03:05:15', '1986-10-24 06:38:37');
INSERT INTO `product` (`id`, `subcatalode_id`, `name`, `price`, `prod_date`, `doze`, `created_at`, `updated_at`) VALUES (32, 14, 'illum', 6, '2009-07-29', '26.5099735', '1987-05-31 13:58:49', '1975-11-08 21:00:49');
INSERT INTO `product` (`id`, `subcatalode_id`, `name`, `price`, `prod_date`, `doze`, `created_at`, `updated_at`) VALUES (33, 40, 'velit', 408, '2000-12-24', '384.5', '2009-07-19 03:56:31', '1989-02-15 12:12:27');
INSERT INTO `product` (`id`, `subcatalode_id`, `name`, `price`, `prod_date`, `doze`, `created_at`, `updated_at`) VALUES (34, 37, 'illum', 46, '2008-09-11', '4108', '1996-01-01 03:10:24', '2014-12-09 13:59:02');
INSERT INTO `product` (`id`, `subcatalode_id`, `name`, `price`, `prod_date`, `doze`, `created_at`, `updated_at`) VALUES (35, 8, 'labore', 49144, '1978-06-24', '2485.637677539', '1971-05-27 19:41:29', '1986-05-31 02:53:27');
INSERT INTO `product` (`id`, `subcatalode_id`, `name`, `price`, `prod_date`, `doze`, `created_at`, `updated_at`) VALUES (36, 15, 'numquam', 1447, '1992-04-01', '', '2019-09-13 14:04:49', '1983-02-08 04:46:31');
INSERT INTO `product` (`id`, `subcatalode_id`, `name`, `price`, `prod_date`, `doze`, `created_at`, `updated_at`) VALUES (37, 38, 'voluptatem', 0, '1972-05-28', '16978', '2013-06-01 03:03:12', '1972-01-18 13:13:07');
INSERT INTO `product` (`id`, `subcatalode_id`, `name`, `price`, `prod_date`, `doze`, `created_at`, `updated_at`) VALUES (38, 25, 'hic', 0, '1984-10-01', '5.68', '1996-11-27 08:20:28', '2013-10-12 02:50:47');
INSERT INTO `product` (`id`, `subcatalode_id`, `name`, `price`, `prod_date`, `doze`, `created_at`, `updated_at`) VALUES (39, 21, 'quaerat', 27, '1997-03-15', '1098.6834', '1981-11-21 12:05:56', '2015-08-23 04:26:11');
INSERT INTO `product` (`id`, `subcatalode_id`, `name`, `price`, `prod_date`, `doze`, `created_at`, `updated_at`) VALUES (40, 21, 'vel', 1968, '2018-01-27', '41413591.963376', '1971-12-07 12:39:50', '1990-05-17 15:39:22');
INSERT INTO `product` (`id`, `subcatalode_id`, `name`, `price`, `prod_date`, `doze`, `created_at`, `updated_at`) VALUES (41, 42, 'facere', 20, '1980-08-01', '62561314.0278', '2008-05-08 05:35:23', '2018-09-06 21:28:40');
INSERT INTO `product` (`id`, `subcatalode_id`, `name`, `price`, `prod_date`, `doze`, `created_at`, `updated_at`) VALUES (42, 29, 'nulla', 90554, '1997-12-10', '99.91976', '2004-06-12 15:25:40', '1974-06-10 06:42:58');
INSERT INTO `product` (`id`, `subcatalode_id`, `name`, `price`, `prod_date`, `doze`, `created_at`, `updated_at`) VALUES (43, 4, 'expedita', 10, '2008-11-26', '602815.4804192', '1988-08-20 06:52:57', '1977-05-05 01:03:46');
INSERT INTO `product` (`id`, `subcatalode_id`, `name`, `price`, `prod_date`, `doze`, `created_at`, `updated_at`) VALUES (44, 29, 'voluptas', 66, '2008-12-07', '29280.7', '1971-12-08 21:57:27', '2016-11-19 00:21:08');
INSERT INTO `product` (`id`, `subcatalode_id`, `name`, `price`, `prod_date`, `doze`, `created_at`, `updated_at`) VALUES (45, 44, 'aliquam', 88, '2008-09-08', '13865.2765206', '2021-04-01 05:31:00', '1988-06-17 17:22:12');
INSERT INTO `product` (`id`, `subcatalode_id`, `name`, `price`, `prod_date`, `doze`, `created_at`, `updated_at`) VALUES (46, 2, 'ipsam', 2972, '2000-02-29', '35833313.5', '1978-02-26 02:40:34', '1998-05-19 13:20:11');
INSERT INTO `product` (`id`, `subcatalode_id`, `name`, `price`, `prod_date`, `doze`, `created_at`, `updated_at`) VALUES (47, 3, 'est', 506, '1980-09-17', '5497.18227', '1990-06-14 04:54:12', '2011-10-21 14:38:46');
INSERT INTO `product` (`id`, `subcatalode_id`, `name`, `price`, `prod_date`, `doze`, `created_at`, `updated_at`) VALUES (48, 3, 'ex', 1133, '1993-03-13', '1811385', '1970-09-21 23:32:21', '2009-05-30 08:34:54');
INSERT INTO `product` (`id`, `subcatalode_id`, `name`, `price`, `prod_date`, `doze`, `created_at`, `updated_at`) VALUES (49, 10, 'vel', 8, '1995-10-02', '62239670.001125', '2014-11-23 18:30:24', '1971-09-15 07:36:26');
INSERT INTO `product` (`id`, `subcatalode_id`, `name`, `price`, `prod_date`, `doze`, `created_at`, `updated_at`) VALUES (50, 11, 'consequuntur', 44, '1988-06-26', '50751620', '1998-04-13 06:22:01', '1979-08-21 11:30:38');
INSERT INTO `product` (`id`, `subcatalode_id`, `name`, `price`, `prod_date`, `doze`, `created_at`, `updated_at`) VALUES (51, 45, 'et', 14, '1990-05-01', '83.57911', '1984-06-24 19:40:22', '1994-10-20 09:58:59');
INSERT INTO `product` (`id`, `subcatalode_id`, `name`, `price`, `prod_date`, `doze`, `created_at`, `updated_at`) VALUES (52, 40, 'eos', 0, '1970-05-30', '15498.64139', '2013-10-02 06:12:19', '1991-11-13 09:08:06');
INSERT INTO `product` (`id`, `subcatalode_id`, `name`, `price`, `prod_date`, `doze`, `created_at`, `updated_at`) VALUES (53, 10, 'quidem', 549, '2020-10-11', '25488648.9', '2006-06-04 15:34:02', '1986-07-04 09:35:00');
INSERT INTO `product` (`id`, `subcatalode_id`, `name`, `price`, `prod_date`, `doze`, `created_at`, `updated_at`) VALUES (54, 38, 'quia', 4635, '1998-03-08', '98916.0084693', '1987-11-05 10:18:19', '2004-03-08 17:14:57');
INSERT INTO `product` (`id`, `subcatalode_id`, `name`, `price`, `prod_date`, `doze`, `created_at`, `updated_at`) VALUES (55, 17, 'aut', 0, '2009-04-11', '19384489.2', '1997-08-22 02:41:46', '2008-12-25 16:37:02');
INSERT INTO `product` (`id`, `subcatalode_id`, `name`, `price`, `prod_date`, `doze`, `created_at`, `updated_at`) VALUES (56, 30, 'nihil', 846, '1973-02-12', '10.299', '2016-11-27 06:16:31', '2016-04-21 01:49:10');
INSERT INTO `product` (`id`, `subcatalode_id`, `name`, `price`, `prod_date`, `doze`, `created_at`, `updated_at`) VALUES (57, 30, 'eveniet', 893, '1980-12-19', '7.63889', '1979-01-19 15:40:11', '1987-09-04 02:38:26');
INSERT INTO `product` (`id`, `subcatalode_id`, `name`, `price`, `prod_date`, `doze`, `created_at`, `updated_at`) VALUES (58, 28, 'sequi', 0, '2013-07-13', '5070.25610296', '1979-06-15 12:24:43', '1992-10-31 05:24:57');
INSERT INTO `product` (`id`, `subcatalode_id`, `name`, `price`, `prod_date`, `doze`, `created_at`, `updated_at`) VALUES (59, 2, 'reprehenderit', 422, '1996-09-06', '75813', '1987-06-07 18:27:04', '2000-02-29 11:05:18');
INSERT INTO `product` (`id`, `subcatalode_id`, `name`, `price`, `prod_date`, `doze`, `created_at`, `updated_at`) VALUES (60, 13, 'occaecati', 5991, '1970-07-24', '1212823.153', '1991-11-29 11:03:49', '1975-02-25 01:53:54');
INSERT INTO `product` (`id`, `subcatalode_id`, `name`, `price`, `prod_date`, `doze`, `created_at`, `updated_at`) VALUES (61, 11, 'dolores', 497, '1989-10-31', '587827000.70303', '2016-04-04 07:44:55', '2014-07-09 04:37:56');
INSERT INTO `product` (`id`, `subcatalode_id`, `name`, `price`, `prod_date`, `doze`, `created_at`, `updated_at`) VALUES (62, 25, 'est', 570, '1977-10-04', '5.1976636', '1978-03-15 11:29:08', '1985-07-24 20:30:06');
INSERT INTO `product` (`id`, `subcatalode_id`, `name`, `price`, `prod_date`, `doze`, `created_at`, `updated_at`) VALUES (63, 47, 'et', 18612, '1990-10-23', '', '2015-06-01 16:03:21', '2003-09-02 12:10:25');
INSERT INTO `product` (`id`, `subcatalode_id`, `name`, `price`, `prod_date`, `doze`, `created_at`, `updated_at`) VALUES (64, 35, 'ut', 280, '1974-03-15', '74992.55', '1982-06-25 00:06:31', '2013-08-04 13:01:16');
INSERT INTO `product` (`id`, `subcatalode_id`, `name`, `price`, `prod_date`, `doze`, `created_at`, `updated_at`) VALUES (65, 3, 'non', 228, '2010-11-19', '664.04', '2011-10-09 17:56:03', '1984-11-10 17:40:31');
INSERT INTO `product` (`id`, `subcatalode_id`, `name`, `price`, `prod_date`, `doze`, `created_at`, `updated_at`) VALUES (66, 5, 'dolores', 564, '1989-05-08', '4901.8', '1997-06-07 21:21:09', '2014-02-27 13:01:48');
INSERT INTO `product` (`id`, `subcatalode_id`, `name`, `price`, `prod_date`, `doze`, `created_at`, `updated_at`) VALUES (67, 11, 'debitis', 1, '1994-06-24', '120.499787', '2009-08-21 14:46:12', '1998-09-10 21:15:44');
INSERT INTO `product` (`id`, `subcatalode_id`, `name`, `price`, `prod_date`, `doze`, `created_at`, `updated_at`) VALUES (68, 45, 'praesentium', 448, '2018-08-09', '5356564.742727', '1986-06-26 19:54:27', '1997-06-23 15:38:11');
INSERT INTO `product` (`id`, `subcatalode_id`, `name`, `price`, `prod_date`, `doze`, `created_at`, `updated_at`) VALUES (69, 32, 'quaerat', 13, '1984-02-29', '47590769.091', '1974-07-11 05:00:33', '1997-08-02 20:42:57');
INSERT INTO `product` (`id`, `subcatalode_id`, `name`, `price`, `prod_date`, `doze`, `created_at`, `updated_at`) VALUES (70, 29, 'earum', 5245, '2012-08-08', '61095345', '1980-08-18 05:53:26', '1984-09-19 11:05:00');
INSERT INTO `product` (`id`, `subcatalode_id`, `name`, `price`, `prod_date`, `doze`, `created_at`, `updated_at`) VALUES (71, 14, 'qui', 2879, '1995-04-10', '7.58', '2000-11-19 11:19:46', '1980-08-16 03:52:17');
INSERT INTO `product` (`id`, `subcatalode_id`, `name`, `price`, `prod_date`, `doze`, `created_at`, `updated_at`) VALUES (72, 32, 'magni', 220, '1995-07-20', '73.28918502', '1999-07-08 09:22:19', '1976-07-30 22:18:13');
INSERT INTO `product` (`id`, `subcatalode_id`, `name`, `price`, `prod_date`, `doze`, `created_at`, `updated_at`) VALUES (73, 43, 'deserunt', 23, '1976-07-24', '6.27978', '2005-09-04 10:03:39', '1997-03-01 08:05:55');
INSERT INTO `product` (`id`, `subcatalode_id`, `name`, `price`, `prod_date`, `doze`, `created_at`, `updated_at`) VALUES (74, 6, 'illo', 221, '2016-03-04', '2357383.682', '1984-11-17 05:47:57', '2013-07-05 22:37:21');
INSERT INTO `product` (`id`, `subcatalode_id`, `name`, `price`, `prod_date`, `doze`, `created_at`, `updated_at`) VALUES (75, 12, 'et', 149, '1997-11-03', '44.987992', '2009-12-20 13:56:47', '1979-06-21 11:36:34');
INSERT INTO `product` (`id`, `subcatalode_id`, `name`, `price`, `prod_date`, `doze`, `created_at`, `updated_at`) VALUES (76, 6, 'odit', 121, '2018-03-17', '472971.59216558', '1974-11-18 07:44:42', '1982-06-07 02:31:16');
INSERT INTO `product` (`id`, `subcatalode_id`, `name`, `price`, `prod_date`, `doze`, `created_at`, `updated_at`) VALUES (77, 43, 'et', 5504, '2015-11-11', '9', '2006-04-05 10:32:00', '1988-01-27 08:25:45');
INSERT INTO `product` (`id`, `subcatalode_id`, `name`, `price`, `prod_date`, `doze`, `created_at`, `updated_at`) VALUES (78, 2, 'rerum', 100, '1974-12-26', '3.56222831', '2010-01-26 19:39:10', '1988-11-14 10:24:31');
INSERT INTO `product` (`id`, `subcatalode_id`, `name`, `price`, `prod_date`, `doze`, `created_at`, `updated_at`) VALUES (79, 20, 'vero', 114, '1979-11-24', '8.715', '1992-06-16 20:35:48', '2006-11-28 22:52:20');
INSERT INTO `product` (`id`, `subcatalode_id`, `name`, `price`, `prod_date`, `doze`, `created_at`, `updated_at`) VALUES (80, 44, 'voluptatum', 2, '1970-02-21', '32352.47811498', '2005-03-06 23:34:38', '1994-10-17 19:09:31');
INSERT INTO `product` (`id`, `subcatalode_id`, `name`, `price`, `prod_date`, `doze`, `created_at`, `updated_at`) VALUES (81, 22, 'aliquid', 1, '2016-06-21', '2484.72', '2008-02-16 10:31:44', '2003-06-02 00:22:21');
INSERT INTO `product` (`id`, `subcatalode_id`, `name`, `price`, `prod_date`, `doze`, `created_at`, `updated_at`) VALUES (82, 40, 'explicabo', 47, '1993-01-04', '27865.2', '1973-12-05 17:13:59', '1986-06-22 08:09:17');
INSERT INTO `product` (`id`, `subcatalode_id`, `name`, `price`, `prod_date`, `doze`, `created_at`, `updated_at`) VALUES (83, 28, 'reiciendis', 5547618, '1972-03-18', '19558482.5549', '1979-05-11 13:59:50', '2017-12-18 06:00:40');
INSERT INTO `product` (`id`, `subcatalode_id`, `name`, `price`, `prod_date`, `doze`, `created_at`, `updated_at`) VALUES (84, 8, 'tenetur', 3, '1997-08-16', '79741.24942', '1994-02-04 15:24:57', '1986-01-26 22:26:09');
INSERT INTO `product` (`id`, `subcatalode_id`, `name`, `price`, `prod_date`, `doze`, `created_at`, `updated_at`) VALUES (85, 29, 'rerum', 1, '1972-10-06', '', '1992-09-24 16:30:30', '1990-09-30 00:36:15');
INSERT INTO `product` (`id`, `subcatalode_id`, `name`, `price`, `prod_date`, `doze`, `created_at`, `updated_at`) VALUES (86, 36, 'fuga', 3580, '2007-07-11', '2840861.3874717', '1995-09-13 02:23:11', '1977-12-30 18:34:13');
INSERT INTO `product` (`id`, `subcatalode_id`, `name`, `price`, `prod_date`, `doze`, `created_at`, `updated_at`) VALUES (87, 22, 'vitae', 177, '1976-03-10', '1', '2021-01-24 18:48:37', '1995-07-25 06:35:43');
INSERT INTO `product` (`id`, `subcatalode_id`, `name`, `price`, `prod_date`, `doze`, `created_at`, `updated_at`) VALUES (88, 8, 'et', 51, '1986-12-08', '', '1992-02-06 17:41:50', '1990-01-14 09:41:29');
INSERT INTO `product` (`id`, `subcatalode_id`, `name`, `price`, `prod_date`, `doze`, `created_at`, `updated_at`) VALUES (89, 28, 'consectetur', 0, '2009-06-14', '34706.2', '2014-02-08 16:40:40', '2000-04-07 06:56:22');
INSERT INTO `product` (`id`, `subcatalode_id`, `name`, `price`, `prod_date`, `doze`, `created_at`, `updated_at`) VALUES (90, 12, 'in', 348, '1994-05-20', '158.9817173', '2005-06-14 05:29:35', '2000-07-20 22:49:35');
INSERT INTO `product` (`id`, `subcatalode_id`, `name`, `price`, `prod_date`, `doze`, `created_at`, `updated_at`) VALUES (91, 27, 'repellat', 4550, '1993-12-10', '1533233.1731', '2014-05-26 01:05:43', '2013-02-06 11:00:06');
INSERT INTO `product` (`id`, `subcatalode_id`, `name`, `price`, `prod_date`, `doze`, `created_at`, `updated_at`) VALUES (92, 44, 'doloribus', 606, '2004-05-19', '62957222.577', '2013-05-02 03:07:22', '1996-02-23 18:51:30');
INSERT INTO `product` (`id`, `subcatalode_id`, `name`, `price`, `prod_date`, `doze`, `created_at`, `updated_at`) VALUES (93, 23, 'explicabo', 3944, '2005-06-26', '1.86796', '2016-12-16 17:16:49', '2003-03-09 08:50:48');
INSERT INTO `product` (`id`, `subcatalode_id`, `name`, `price`, `prod_date`, `doze`, `created_at`, `updated_at`) VALUES (94, 13, 'vel', 1676, '1978-10-20', '8995.763', '1992-01-16 00:56:34', '1970-05-10 15:31:39');
INSERT INTO `product` (`id`, `subcatalode_id`, `name`, `price`, `prod_date`, `doze`, `created_at`, `updated_at`) VALUES (95, 46, 'fugiat', 10346, '1976-08-08', '228345476.9011', '2018-01-07 14:57:18', '1992-08-04 03:23:52');
INSERT INTO `product` (`id`, `subcatalode_id`, `name`, `price`, `prod_date`, `doze`, `created_at`, `updated_at`) VALUES (96, 6, 'a', 9927, '2007-01-13', '921706.2', '2012-01-24 00:02:06', '1999-05-21 21:53:23');
INSERT INTO `product` (`id`, `subcatalode_id`, `name`, `price`, `prod_date`, `doze`, `created_at`, `updated_at`) VALUES (97, 15, 'nam', 17095, '2003-01-19', '', '1971-07-27 22:59:46', '1990-05-05 10:45:37');
INSERT INTO `product` (`id`, `subcatalode_id`, `name`, `price`, `prod_date`, `doze`, `created_at`, `updated_at`) VALUES (98, 34, 'dolorem', 890, '2019-04-29', '877950256.86863', '2007-03-22 12:26:14', '2000-09-11 01:16:55');
INSERT INTO `product` (`id`, `subcatalode_id`, `name`, `price`, `prod_date`, `doze`, `created_at`, `updated_at`) VALUES (99, 2, 'consequatur', 4142, '1975-09-19', '26796.57562434', '2001-04-20 22:41:43', '1974-07-20 10:38:32');
INSERT INTO `product` (`id`, `subcatalode_id`, `name`, `price`, `prod_date`, `doze`, `created_at`, `updated_at`) VALUES (100, 4, 'qui', 2543, '1972-03-10', '455474.46', '1979-05-04 01:57:09', '1977-05-17 08:15:45');

DROP TABLE IF EXISTS `product_description`;
-- 6. Описание продукта --
CREATE TABLE `product_description` (
  `id` int(10) unsigned NOT NULL AUTO_INCREMENT COMMENT 'Идентификатор строки',
  `product_id` int(10) unsigned NOT NULL COMMENT 'Идентификатор продукции',
  `vendor_name` varchar(50) COLLATE utf8mb4_unicode_ci DEFAULT NULL COMMENT 'Производитель',
  `vendor_country` varchar(50) COLLATE utf8mb4_unicode_ci DEFAULT NULL COMMENT 'Страна производитель',
  `desctiption` varchar(255) COLLATE utf8mb4_unicode_ci DEFAULT NULL COMMENT 'Описание товара',
  `created_at` datetime DEFAULT current_timestamp() COMMENT 'Дата создания строки',
  `updated_at` datetime DEFAULT current_timestamp() COMMENT 'Дата последнего обновления строки',
  PRIMARY KEY (`id`)
) ENGINE=InnoDB AUTO_INCREMENT=101 DEFAULT CHARSET=utf8mb4 COLLATE=utf8mb4_unicode_ci;

INSERT INTO `product_description` (`id`, `product_id`, `vendor_name`, `vendor_country`, `desctiption`, `created_at`, `updated_at`) VALUES (1, 23, 'voluptatibus', 'Equatorial Guinea', 'Quis nam dignissimos dolor. Quia dolore dolorem quia reiciendis. Et ipsum sed atque ut ea.', '1991-02-05 09:02:05', '1993-01-31 22:54:52');
INSERT INTO `product_description` (`id`, `product_id`, `vendor_name`, `vendor_country`, `desctiption`, `created_at`, `updated_at`) VALUES (2, 57, 'voluptatem', 'Canada', 'Et adipisci debitis consequatur soluta. Reprehenderit rem beatae veritatis non. Quia ut maiores ut culpa soluta. Animi ut consequatur esse ad molestiae quibusdam.', '1972-04-05 10:20:29', '1991-01-15 17:06:45');
INSERT INTO `product_description` (`id`, `product_id`, `vendor_name`, `vendor_country`, `desctiption`, `created_at`, `updated_at`) VALUES (3, 1, 'suscipit', 'Tajikistan', 'Sequi ex sit in sed sed. Ea magni voluptatem ipsam autem. Minus aut ipsam qui et.', '1995-06-09 03:13:20', '1974-06-13 12:44:20');
INSERT INTO `product_description` (`id`, `product_id`, `vendor_name`, `vendor_country`, `desctiption`, `created_at`, `updated_at`) VALUES (4, 18, 'dolorum', 'Congo', 'Quis praesentium commodi molestiae ut. Consequatur in commodi sed et. Sit et minima neque ratione et ut. Qui dolore itaque earum repellat. Repudiandae dolores cupiditate sunt sit.', '1999-10-06 11:26:28', '1990-12-08 20:59:04');
INSERT INTO `product_description` (`id`, `product_id`, `vendor_name`, `vendor_country`, `desctiption`, `created_at`, `updated_at`) VALUES (5, 81, 'occaecati', 'American Samoa', 'Sit rem rerum in nemo et sunt. Iste cum nulla voluptatem ratione et atque vel officiis. Et tempore beatae cumque illum ratione nihil.', '2009-12-27 05:08:26', '1979-08-17 23:05:36');
INSERT INTO `product_description` (`id`, `product_id`, `vendor_name`, `vendor_country`, `desctiption`, `created_at`, `updated_at`) VALUES (6, 10, 'quis', 'Moldova', 'Cumque cupiditate corporis itaque mollitia. Accusantium ut dolor nam odio voluptatibus optio est.', '1980-07-22 06:28:04', '1981-06-04 18:50:48');
INSERT INTO `product_description` (`id`, `product_id`, `vendor_name`, `vendor_country`, `desctiption`, `created_at`, `updated_at`) VALUES (7, 9, 'est', 'Uganda', 'Modi magnam autem et eius non. Unde eveniet corporis esse quod. Cum exercitationem eveniet dolorem officia tenetur. Fuga et laudantium nihil.', '2011-01-11 19:17:39', '1990-09-19 20:55:59');
INSERT INTO `product_description` (`id`, `product_id`, `vendor_name`, `vendor_country`, `desctiption`, `created_at`, `updated_at`) VALUES (8, 11, 'et', 'Taiwan', 'Sunt fugiat magnam illo impedit reiciendis. Non mollitia inventore ut iure excepturi omnis magnam. Fugiat temporibus nihil et repudiandae totam animi officiis.', '1976-09-25 04:15:28', '1980-08-12 21:07:14');
INSERT INTO `product_description` (`id`, `product_id`, `vendor_name`, `vendor_country`, `desctiption`, `created_at`, `updated_at`) VALUES (9, 63, 'non', 'Jordan', 'Sunt sed consequuntur earum et inventore nesciunt distinctio. Incidunt omnis id pariatur ea molestias ipsam nihil. Dolore numquam ad qui perferendis.', '2017-07-11 18:57:53', '2021-02-23 19:33:03');
INSERT INTO `product_description` (`id`, `product_id`, `vendor_name`, `vendor_country`, `desctiption`, `created_at`, `updated_at`) VALUES (10, 45, 'laudantium', 'Bermuda', 'Totam illo doloremque cum eos aut itaque. Id dolores quae porro consequatur recusandae autem. Ea voluptatem ut consequatur cupiditate voluptatem est.', '1990-10-15 07:01:39', '1990-10-02 10:00:11');
INSERT INTO `product_description` (`id`, `product_id`, `vendor_name`, `vendor_country`, `desctiption`, `created_at`, `updated_at`) VALUES (11, 93, 'molestiae', 'Jamaica', 'Dolor enim perferendis et nam cum unde. Qui nostrum aut dolorum. At vero voluptate excepturi ex atque repellat. Itaque commodi rerum consequatur inventore nobis vel fugiat rerum.', '2002-05-02 09:23:47', '2014-02-05 14:19:20');
INSERT INTO `product_description` (`id`, `product_id`, `vendor_name`, `vendor_country`, `desctiption`, `created_at`, `updated_at`) VALUES (12, 85, 'id', 'Australia', 'Molestiae in autem rerum minus qui non temporibus. Quo et et et. Delectus fuga repudiandae nobis maiores eos omnis officia.', '1974-03-10 05:50:55', '2012-11-19 14:23:58');
INSERT INTO `product_description` (`id`, `product_id`, `vendor_name`, `vendor_country`, `desctiption`, `created_at`, `updated_at`) VALUES (13, 97, 'consequatur', 'San Marino', 'Quis beatae maxime quia quis laboriosam aspernatur. Non omnis iste quam et. Repudiandae incidunt et earum ut voluptas tenetur est.', '1987-06-01 11:06:35', '1979-07-16 12:51:54');
INSERT INTO `product_description` (`id`, `product_id`, `vendor_name`, `vendor_country`, `desctiption`, `created_at`, `updated_at`) VALUES (14, 78, 'eveniet', 'Bermuda', 'Libero esse et minus velit beatae. Illum ut ex consequatur perspiciatis sit. Qui perferendis debitis repellendus accusantium sed. Itaque quis ea quod est ea qui eum cupiditate.', '2012-09-06 12:14:16', '1987-11-02 21:58:05');
INSERT INTO `product_description` (`id`, `product_id`, `vendor_name`, `vendor_country`, `desctiption`, `created_at`, `updated_at`) VALUES (15, 96, 'ducimus', 'Palestinian Territory', 'Cum fugit voluptate eligendi odio et debitis. Itaque laboriosam nemo praesentium. Aut repellendus est error ipsum ab est asperiores. Esse et enim autem quam omnis quas illum.', '1974-07-13 21:29:57', '2000-11-16 19:51:21');
INSERT INTO `product_description` (`id`, `product_id`, `vendor_name`, `vendor_country`, `desctiption`, `created_at`, `updated_at`) VALUES (16, 47, 'et', 'Turks and Caicos Islands', 'Dolores ut libero accusamus molestiae fugit qui. Quaerat quia quia excepturi distinctio autem. Id qui laborum ducimus itaque et minus sit. Debitis dignissimos amet culpa neque in.', '2002-12-01 11:29:06', '1980-11-02 01:05:08');
INSERT INTO `product_description` (`id`, `product_id`, `vendor_name`, `vendor_country`, `desctiption`, `created_at`, `updated_at`) VALUES (17, 2, 'non', 'Cote d\'Ivoire', 'Qui neque voluptatem voluptas voluptatem et. A doloremque ut dolore minus tempora. Et amet possimus fugit atque quo. Velit et adipisci qui nostrum voluptatem voluptas explicabo corrupti.', '1974-10-06 09:41:56', '1974-02-27 20:48:18');
INSERT INTO `product_description` (`id`, `product_id`, `vendor_name`, `vendor_country`, `desctiption`, `created_at`, `updated_at`) VALUES (18, 37, 'adipisci', 'Vanuatu', 'Aut dolores est beatae soluta. Sed occaecati amet nostrum. Aut consequatur blanditiis possimus recusandae velit sed corrupti ullam. Voluptatem ipsa harum ex sequi.', '1992-10-01 10:45:21', '1971-08-29 13:49:14');
INSERT INTO `product_description` (`id`, `product_id`, `vendor_name`, `vendor_country`, `desctiption`, `created_at`, `updated_at`) VALUES (19, 85, 'corrupti', 'Malawi', 'Sit placeat qui eius dolores. Est non earum impedit quod reprehenderit eos aut.\nNostrum est nihil dolorem eos fugiat. Libero repellat eum perspiciatis sunt reiciendis. Saepe in quos facere qui.', '1995-01-29 23:03:46', '2011-03-21 22:26:21');
INSERT INTO `product_description` (`id`, `product_id`, `vendor_name`, `vendor_country`, `desctiption`, `created_at`, `updated_at`) VALUES (20, 64, 'sapiente', 'Mayotte', 'Ad temporibus ex amet molestiae qui. Dolorem sed mollitia praesentium aut. Qui possimus explicabo non velit ad. Commodi est quia in rerum distinctio.', '1988-03-08 01:15:24', '1979-09-04 14:00:35');
INSERT INTO `product_description` (`id`, `product_id`, `vendor_name`, `vendor_country`, `desctiption`, `created_at`, `updated_at`) VALUES (21, 75, 'adipisci', 'Italy', 'Architecto eum id voluptatem quia eum omnis similique. Repudiandae consequatur repudiandae error officia. Natus beatae est autem id aut rerum.', '1982-10-23 03:30:24', '1981-11-18 04:41:52');
INSERT INTO `product_description` (`id`, `product_id`, `vendor_name`, `vendor_country`, `desctiption`, `created_at`, `updated_at`) VALUES (22, 90, 'cupiditate', 'Saint Pierre and Miquelon', 'Sequi nobis consequatur iure optio. Corporis et voluptatem quo. Odio magnam in modi facilis maxime. Ut minima qui debitis ad.', '2003-05-27 10:50:03', '2002-03-27 14:08:28');
INSERT INTO `product_description` (`id`, `product_id`, `vendor_name`, `vendor_country`, `desctiption`, `created_at`, `updated_at`) VALUES (23, 25, 'delectus', 'British Indian Ocean Territory (Chagos Archipelago', 'Sequi enim eos quia modi aspernatur sit iusto. Ab soluta qui repudiandae magni impedit corporis tempore. Occaecati id quae sit consequatur ex velit velit.', '2017-01-23 21:36:20', '1988-09-30 07:25:00');
INSERT INTO `product_description` (`id`, `product_id`, `vendor_name`, `vendor_country`, `desctiption`, `created_at`, `updated_at`) VALUES (24, 42, 'possimus', 'British Indian Ocean Territory (Chagos Archipelago', 'Distinctio adipisci est voluptas sequi. Et maiores modi ea eum et ipsam. Et beatae reprehenderit neque rerum.', '1987-03-12 01:04:22', '1994-03-27 05:11:40');
INSERT INTO `product_description` (`id`, `product_id`, `vendor_name`, `vendor_country`, `desctiption`, `created_at`, `updated_at`) VALUES (25, 25, 'praesentium', 'Iceland', 'Molestias sapiente optio est. Tenetur voluptates expedita voluptatem provident est ipsam omnis inventore. Quia at impedit et exercitationem. Laboriosam reprehenderit possimus natus ut dolores et.', '1981-02-28 18:02:27', '1970-04-18 13:28:37');
INSERT INTO `product_description` (`id`, `product_id`, `vendor_name`, `vendor_country`, `desctiption`, `created_at`, `updated_at`) VALUES (26, 59, 'dolores', 'Japan', 'A minus ab ut numquam qui vel quam suscipit. Dolor vel explicabo quidem voluptas. Qui laboriosam delectus omnis velit.', '2018-08-27 13:44:19', '1993-06-04 09:29:25');
INSERT INTO `product_description` (`id`, `product_id`, `vendor_name`, `vendor_country`, `desctiption`, `created_at`, `updated_at`) VALUES (27, 35, 'eum', 'Togo', 'Vel id eos ut dolorum praesentium est qui. Ipsa enim in eaque quis hic reprehenderit alias. Eligendi ut fugiat quaerat molestiae nulla nihil. Iure aspernatur voluptatum tempora nobis ut sed.', '1989-07-18 17:24:46', '1984-01-17 17:12:41');
INSERT INTO `product_description` (`id`, `product_id`, `vendor_name`, `vendor_country`, `desctiption`, `created_at`, `updated_at`) VALUES (28, 47, 'qui', 'Papua New Guinea', 'Sit perspiciatis vero consequatur. Autem sed inventore quia laborum ullam tempora totam.', '1993-03-26 08:04:59', '1999-01-30 17:29:19');
INSERT INTO `product_description` (`id`, `product_id`, `vendor_name`, `vendor_country`, `desctiption`, `created_at`, `updated_at`) VALUES (29, 81, 'magni', 'Guam', 'Saepe nam corporis cumque. Et ut fugiat iusto expedita omnis occaecati aliquam. Sapiente labore qui fuga culpa accusamus non corrupti voluptatem. Voluptatem consequuntur hic incidunt reiciendis.', '2019-02-01 21:31:10', '2001-04-27 07:05:44');
INSERT INTO `product_description` (`id`, `product_id`, `vendor_name`, `vendor_country`, `desctiption`, `created_at`, `updated_at`) VALUES (30, 23, 'laudantium', 'Tanzania', 'Pariatur consectetur animi error commodi ut sequi ad. Ipsam ea qui numquam iusto voluptas corporis. Repellat libero a doloremque quibusdam architecto. Sed vero alias tenetur dolores nemo.', '1986-07-05 15:48:53', '2012-09-27 19:17:36');
INSERT INTO `product_description` (`id`, `product_id`, `vendor_name`, `vendor_country`, `desctiption`, `created_at`, `updated_at`) VALUES (31, 46, 'itaque', 'Madagascar', 'Aut ad dolorem omnis quia. Voluptas saepe minus in quos totam ea ut explicabo. Corporis iusto nisi ea. Assumenda provident nostrum dolor.', '1991-06-07 08:11:29', '2006-11-22 08:47:30');
INSERT INTO `product_description` (`id`, `product_id`, `vendor_name`, `vendor_country`, `desctiption`, `created_at`, `updated_at`) VALUES (32, 11, 'et', 'Cocos (Keeling) Islands', 'Tempore quas quam impedit eos voluptas rerum. Et aut et dolorem illum. Asperiores mollitia odio et dolores. Eaque repellendus ut quas unde quae nisi placeat nulla.', '2010-08-23 12:28:31', '1972-12-26 05:46:43');
INSERT INTO `product_description` (`id`, `product_id`, `vendor_name`, `vendor_country`, `desctiption`, `created_at`, `updated_at`) VALUES (33, 73, 'commodi', 'Cyprus', 'Molestias repellendus a dicta rem dolores. Iusto ut suscipit in labore iusto. Vel aut iusto hic repellat. Consequatur quidem alias fugiat quos.', '1970-05-26 21:40:08', '1992-04-04 04:48:50');
INSERT INTO `product_description` (`id`, `product_id`, `vendor_name`, `vendor_country`, `desctiption`, `created_at`, `updated_at`) VALUES (34, 84, 'id', 'Montserrat', 'Dolor ut unde quidem et cupiditate. Qui accusantium eos perferendis. Nam vero ut aspernatur dolorum laudantium. Maiores eum et dolor quam veritatis ut atque et.', '2013-12-24 02:43:32', '1991-03-22 14:11:30');
INSERT INTO `product_description` (`id`, `product_id`, `vendor_name`, `vendor_country`, `desctiption`, `created_at`, `updated_at`) VALUES (35, 72, 'soluta', 'Mauritius', 'Optio ut inventore suscipit est. Nemo commodi dolor recusandae maxime possimus ipsa nobis. In asperiores quo dicta dolores sapiente quo magnam.', '1990-10-03 23:05:59', '1976-07-15 20:22:53');
INSERT INTO `product_description` (`id`, `product_id`, `vendor_name`, `vendor_country`, `desctiption`, `created_at`, `updated_at`) VALUES (36, 13, 'ad', 'Vanuatu', 'Ratione accusamus quidem quas adipisci possimus et. Minima autem ipsa excepturi autem consectetur nemo in. Cupiditate rerum dolores excepturi quia quae itaque eum numquam.', '1985-07-09 03:24:21', '1989-10-03 14:26:52');
INSERT INTO `product_description` (`id`, `product_id`, `vendor_name`, `vendor_country`, `desctiption`, `created_at`, `updated_at`) VALUES (37, 68, 'qui', 'Mali', 'Eaque illo veritatis ipsam totam nesciunt. Modi nesciunt voluptatum non maiores. Possimus magni ut nobis rerum id rerum. Veniam deserunt facere qui.', '1981-11-07 20:13:06', '2008-03-22 20:47:33');
INSERT INTO `product_description` (`id`, `product_id`, `vendor_name`, `vendor_country`, `desctiption`, `created_at`, `updated_at`) VALUES (38, 22, 'ipsa', 'Belarus', 'Ut voluptas est sequi ut et ea. Eum voluptate exercitationem vel laudantium ea nam. Qui perferendis soluta commodi cumque et hic cum qui. Ut pariatur rerum et non ducimus.', '1974-09-02 14:27:19', '1973-02-28 19:17:17');
INSERT INTO `product_description` (`id`, `product_id`, `vendor_name`, `vendor_country`, `desctiption`, `created_at`, `updated_at`) VALUES (39, 21, 'in', 'Benin', 'Odio excepturi asperiores maxime. Ut tempora pariatur autem odio sed explicabo et labore. Est magnam ut vitae quis aliquam commodi et.', '1987-05-17 16:05:32', '1974-03-05 15:46:58');
INSERT INTO `product_description` (`id`, `product_id`, `vendor_name`, `vendor_country`, `desctiption`, `created_at`, `updated_at`) VALUES (40, 76, 'est', 'United States of America', 'Aut delectus voluptatem quasi blanditiis id. Et non occaecati a omnis. Commodi cum facere magni ea. Fugiat nulla quibusdam nulla quo tempora.', '2018-06-15 01:32:08', '2017-11-26 14:32:13');
INSERT INTO `product_description` (`id`, `product_id`, `vendor_name`, `vendor_country`, `desctiption`, `created_at`, `updated_at`) VALUES (41, 65, 'accusantium', 'Indonesia', 'Iste nihil voluptatem blanditiis. Recusandae inventore cumque mollitia quo esse. Aliquam officiis molestiae quia culpa expedita quia.', '1998-08-18 21:24:16', '2017-09-16 00:05:17');
INSERT INTO `product_description` (`id`, `product_id`, `vendor_name`, `vendor_country`, `desctiption`, `created_at`, `updated_at`) VALUES (42, 82, 'inventore', 'Korea', 'Dolorem delectus eius fuga repellendus soluta vitae. Omnis eligendi dignissimos qui voluptas eaque. Ut id libero asperiores. Natus impedit accusamus soluta non.', '1988-06-20 01:18:53', '1986-01-26 01:42:21');
INSERT INTO `product_description` (`id`, `product_id`, `vendor_name`, `vendor_country`, `desctiption`, `created_at`, `updated_at`) VALUES (43, 32, 'ut', 'Libyan Arab Jamahiriya', 'Autem totam itaque eos voluptas. Exercitationem nobis numquam non reprehenderit ducimus. Fuga aut repudiandae mollitia nihil. Quod ab est facilis aliquam ut repudiandae cum.', '2004-04-04 01:11:06', '1970-08-20 17:39:43');
INSERT INTO `product_description` (`id`, `product_id`, `vendor_name`, `vendor_country`, `desctiption`, `created_at`, `updated_at`) VALUES (44, 73, 'nam', 'Japan', 'Dolores tempora a voluptas non. Voluptatibus rem voluptatem reiciendis id quam fuga nihil eaque. Ut consequatur aut et. Perferendis occaecati quasi perferendis voluptas.', '2014-01-23 17:08:12', '2003-09-30 18:04:00');
INSERT INTO `product_description` (`id`, `product_id`, `vendor_name`, `vendor_country`, `desctiption`, `created_at`, `updated_at`) VALUES (45, 52, 'aut', 'Tonga', 'Magni recusandae rem dolore. Cumque occaecati consequuntur assumenda suscipit praesentium ab. Culpa ut hic id delectus molestias.', '2002-01-14 16:11:00', '1992-02-04 14:33:54');
INSERT INTO `product_description` (`id`, `product_id`, `vendor_name`, `vendor_country`, `desctiption`, `created_at`, `updated_at`) VALUES (46, 71, 'consequatur', 'Belgium', 'Ea aut est error eum. Debitis omnis id corrupti modi omnis cum ut. Voluptatum recusandae qui atque perspiciatis sapiente aut officia.', '2015-01-17 08:20:20', '1982-02-03 08:49:20');
INSERT INTO `product_description` (`id`, `product_id`, `vendor_name`, `vendor_country`, `desctiption`, `created_at`, `updated_at`) VALUES (47, 4, 'at', 'Switzerland', 'Laboriosam nemo sunt voluptatem omnis iusto dolores. Autem qui ut omnis quo eveniet impedit. Ducimus quis rerum sit molestias et voluptatem dolore.', '1997-09-15 14:06:07', '2017-01-01 10:46:58');
INSERT INTO `product_description` (`id`, `product_id`, `vendor_name`, `vendor_country`, `desctiption`, `created_at`, `updated_at`) VALUES (48, 33, 'atque', 'Peru', 'Dignissimos et quae quo ut id. Rerum beatae quos eaque earum totam consequatur incidunt. Ea pariatur modi nobis commodi.', '1971-03-13 23:55:47', '1979-03-14 16:28:57');
INSERT INTO `product_description` (`id`, `product_id`, `vendor_name`, `vendor_country`, `desctiption`, `created_at`, `updated_at`) VALUES (49, 27, 'dolorum', 'Thailand', 'Vel quis odit id minus similique et. Dignissimos quis in numquam non architecto eum iusto. Est ut assumenda quis id laborum maiores.', '1995-04-20 16:03:38', '1991-08-22 15:26:36');
INSERT INTO `product_description` (`id`, `product_id`, `vendor_name`, `vendor_country`, `desctiption`, `created_at`, `updated_at`) VALUES (50, 75, 'ab', 'Syrian Arab Republic', 'Reiciendis dicta ex et ipsum minus eum eligendi. Perferendis quia sequi qui necessitatibus. Nesciunt quia at culpa nobis amet fugit.', '2013-03-06 23:39:22', '1973-06-03 04:05:05');
INSERT INTO `product_description` (`id`, `product_id`, `vendor_name`, `vendor_country`, `desctiption`, `created_at`, `updated_at`) VALUES (51, 64, 'cupiditate', 'Bahrain', 'Et voluptatibus et enim dicta necessitatibus. Qui sunt consequatur consequatur provident in quia in. Eveniet suscipit vel cum et illo nihil dignissimos.', '1974-06-01 00:48:07', '2002-10-28 02:31:41');
INSERT INTO `product_description` (`id`, `product_id`, `vendor_name`, `vendor_country`, `desctiption`, `created_at`, `updated_at`) VALUES (52, 98, 'eaque', 'Spain', 'Facilis dolores odit incidunt. Eius numquam vitae voluptatum consequatur. Est aut ipsum nobis laboriosam voluptatem dolorum.', '1979-03-13 20:12:59', '2000-03-21 07:18:36');
INSERT INTO `product_description` (`id`, `product_id`, `vendor_name`, `vendor_country`, `desctiption`, `created_at`, `updated_at`) VALUES (53, 54, 'blanditiis', 'Niger', 'Doloribus accusamus neque qui repellendus quos est impedit. Veritatis blanditiis sunt illo enim. Perferendis inventore debitis porro sit magnam.\nSoluta beatae vel quo rem. Deserunt ab et maiores et.', '2001-06-14 22:22:03', '1991-07-31 04:43:32');
INSERT INTO `product_description` (`id`, `product_id`, `vendor_name`, `vendor_country`, `desctiption`, `created_at`, `updated_at`) VALUES (54, 66, 'amet', 'British Indian Ocean Territory (Chagos Archipelago', 'Reiciendis nisi quia tenetur quos qui et blanditiis. Sequi qui laboriosam recusandae iusto aut. Nemo animi quas quaerat. Beatae velit nisi tenetur est.', '2017-05-10 17:27:24', '2021-04-07 17:51:42');
INSERT INTO `product_description` (`id`, `product_id`, `vendor_name`, `vendor_country`, `desctiption`, `created_at`, `updated_at`) VALUES (55, 23, 'dolorem', 'Saint Vincent and the Grenadines', 'Provident provident asperiores illo qui. Aspernatur reiciendis dicta sunt incidunt repudiandae. Occaecati laudantium autem animi earum numquam omnis rerum quia. Suscipit et consequatur eos et.', '1976-04-01 20:00:53', '1972-11-04 11:36:00');
INSERT INTO `product_description` (`id`, `product_id`, `vendor_name`, `vendor_country`, `desctiption`, `created_at`, `updated_at`) VALUES (56, 75, 'quidem', 'Italy', 'Quae quia sit quas esse enim perspiciatis maxime hic. Perspiciatis voluptatem unde ut ducimus hic expedita. Itaque rerum est aliquid voluptatem. Suscipit deserunt fugiat rerum beatae sit.', '2003-07-18 01:14:43', '2003-05-25 16:45:24');
INSERT INTO `product_description` (`id`, `product_id`, `vendor_name`, `vendor_country`, `desctiption`, `created_at`, `updated_at`) VALUES (57, 21, 'aut', 'Zimbabwe', 'Possimus facere voluptatem corrupti accusantium dolor. Officia velit incidunt voluptatem et quos eaque quia. Iste facere animi sed veritatis blanditiis beatae.', '2001-11-30 06:03:46', '2021-03-28 14:51:18');
INSERT INTO `product_description` (`id`, `product_id`, `vendor_name`, `vendor_country`, `desctiption`, `created_at`, `updated_at`) VALUES (58, 13, 'voluptas', 'Maldives', 'Molestias iusto eos at consectetur rerum. Ipsum itaque incidunt totam. Qui expedita itaque et repellendus sit occaecati.', '1974-04-02 23:05:42', '2004-05-20 02:56:23');
INSERT INTO `product_description` (`id`, `product_id`, `vendor_name`, `vendor_country`, `desctiption`, `created_at`, `updated_at`) VALUES (59, 99, 'a', 'Poland', 'Quasi aut ut autem ut. Qui cumque fuga et accusamus sint tenetur. Architecto laborum beatae ipsum consequatur rerum et aut.', '2001-03-01 19:12:12', '1984-07-26 13:37:09');
INSERT INTO `product_description` (`id`, `product_id`, `vendor_name`, `vendor_country`, `desctiption`, `created_at`, `updated_at`) VALUES (60, 11, 'veniam', 'Bahrain', 'Nostrum nihil ut esse amet. Dolore perferendis qui at ut. Dolores asperiores aut ut quaerat est autem. Dolorem voluptas aut doloremque hic placeat fugit.', '2015-03-08 16:51:06', '1980-04-16 03:17:10');
INSERT INTO `product_description` (`id`, `product_id`, `vendor_name`, `vendor_country`, `desctiption`, `created_at`, `updated_at`) VALUES (61, 6, 'placeat', 'Madagascar', 'Facere fugit qui delectus dolor expedita neque ratione. Et rem et velit numquam veniam. Libero numquam sed reprehenderit nesciunt quaerat est. Consequatur sunt id voluptatem minus molestiae fugiat.', '1981-04-21 12:45:41', '2001-09-06 06:10:21');
INSERT INTO `product_description` (`id`, `product_id`, `vendor_name`, `vendor_country`, `desctiption`, `created_at`, `updated_at`) VALUES (62, 80, 'soluta', 'Hungary', 'Ut aspernatur quasi cumque corporis ut quam nostrum minima. Voluptates odio quasi in eos sequi dolor. Qui debitis molestiae quae fuga et ad. Quidem aut eum architecto.', '2010-10-11 10:52:26', '1998-08-13 13:09:05');
INSERT INTO `product_description` (`id`, `product_id`, `vendor_name`, `vendor_country`, `desctiption`, `created_at`, `updated_at`) VALUES (63, 42, 'suscipit', 'French Guiana', 'Id eum qui nulla ut numquam quis rerum. Ratione qui modi labore quos pariatur. Et minus illo illum.', '1981-07-04 17:27:37', '2014-11-28 19:03:43');
INSERT INTO `product_description` (`id`, `product_id`, `vendor_name`, `vendor_country`, `desctiption`, `created_at`, `updated_at`) VALUES (64, 87, 'eum', 'Oman', 'Quaerat beatae omnis accusamus doloribus. Dolorem aspernatur exercitationem eos saepe. Nulla officia aliquid adipisci eos.', '1984-06-29 03:12:34', '1979-08-24 20:26:42');
INSERT INTO `product_description` (`id`, `product_id`, `vendor_name`, `vendor_country`, `desctiption`, `created_at`, `updated_at`) VALUES (65, 91, 'ut', 'Guernsey', 'Sunt alias repudiandae perferendis deserunt. Animi eaque architecto dolore non voluptatibus dolores dolores. Harum deleniti veniam ea ut occaecati enim. Aut aliquam dignissimos omnis libero.', '2002-04-09 04:34:38', '2018-09-13 14:41:00');
INSERT INTO `product_description` (`id`, `product_id`, `vendor_name`, `vendor_country`, `desctiption`, `created_at`, `updated_at`) VALUES (66, 82, 'aut', 'India', 'Aut ipsa quis at. Et rem et ad corrupti laborum. Tempore esse est est non dolorem ullam. Perferendis officia non repellat modi dolorem et.', '1979-08-31 05:11:24', '2019-03-27 22:36:12');
INSERT INTO `product_description` (`id`, `product_id`, `vendor_name`, `vendor_country`, `desctiption`, `created_at`, `updated_at`) VALUES (67, 76, 'voluptas', 'Norway', 'Quisquam eaque et doloribus eligendi voluptatem reiciendis repellendus. Nostrum voluptas velit placeat blanditiis nostrum. Eos neque quos dolore. Hic porro ipsam sit accusamus ut qui.', '2011-05-11 01:58:10', '1982-05-11 13:59:43');
INSERT INTO `product_description` (`id`, `product_id`, `vendor_name`, `vendor_country`, `desctiption`, `created_at`, `updated_at`) VALUES (68, 10, 'eos', 'Poland', 'Sit commodi repudiandae eaque unde voluptatum optio. Beatae ipsam sed ipsa et. Provident quia molestiae autem quos cupiditate magnam.', '1991-12-28 13:11:45', '2017-05-02 02:47:06');
INSERT INTO `product_description` (`id`, `product_id`, `vendor_name`, `vendor_country`, `desctiption`, `created_at`, `updated_at`) VALUES (69, 79, 'quia', 'Venezuela', 'Beatae magni provident non hic eveniet. Tempora officiis est quis ducimus cumque tenetur vitae. Architecto reprehenderit velit voluptas delectus sunt.', '2013-03-07 18:12:09', '2017-11-06 10:28:46');
INSERT INTO `product_description` (`id`, `product_id`, `vendor_name`, `vendor_country`, `desctiption`, `created_at`, `updated_at`) VALUES (70, 8, 'beatae', 'Kuwait', 'Voluptas facere deserunt in. Omnis rerum autem omnis id consequatur libero. Animi animi ex pariatur corrupti. Sint aperiam distinctio quae. Libero pariatur expedita distinctio optio labore et earum.', '2002-09-17 08:16:23', '1991-01-15 05:39:16');
INSERT INTO `product_description` (`id`, `product_id`, `vendor_name`, `vendor_country`, `desctiption`, `created_at`, `updated_at`) VALUES (71, 65, 'perspiciatis', 'Mayotte', 'Consequatur saepe cumque dolore temporibus qui voluptate. Eum fuga reprehenderit adipisci velit impedit. Omnis odio asperiores ipsum omnis et dolores.', '1972-06-02 20:39:02', '2003-01-28 00:11:50');
INSERT INTO `product_description` (`id`, `product_id`, `vendor_name`, `vendor_country`, `desctiption`, `created_at`, `updated_at`) VALUES (72, 19, 'dolor', 'Guatemala', 'Quia consequatur excepturi iure earum dolorum harum. Nihil nihil sit eius consequatur laudantium necessitatibus. Architecto modi reprehenderit sed quo molestiae magnam.', '1982-02-02 22:52:32', '1984-05-28 21:18:09');
INSERT INTO `product_description` (`id`, `product_id`, `vendor_name`, `vendor_country`, `desctiption`, `created_at`, `updated_at`) VALUES (73, 94, 'sit', 'Cayman Islands', 'Odio iure veritatis qui. Magni perferendis saepe sed optio voluptate eum.\nCum fugit dolor quasi. Porro repellendus quo itaque rerum architecto. Ut et numquam recusandae.', '2005-10-02 14:29:13', '2000-12-05 12:27:25');
INSERT INTO `product_description` (`id`, `product_id`, `vendor_name`, `vendor_country`, `desctiption`, `created_at`, `updated_at`) VALUES (74, 36, 'temporibus', 'Indonesia', 'Commodi odio voluptatibus ex tempore labore. Dolorem itaque quia iste veritatis sed voluptate. Animi ipsum sint quo et doloribus.', '2018-09-24 17:47:28', '2013-09-10 08:30:02');
INSERT INTO `product_description` (`id`, `product_id`, `vendor_name`, `vendor_country`, `desctiption`, `created_at`, `updated_at`) VALUES (75, 99, 'facere', 'Timor-Leste', 'Odit facere eum vitae amet quod. Voluptatem temporibus quia sit nihil cupiditate corporis eos. Est et sed aut velit quaerat.', '1987-05-21 08:08:05', '2011-07-10 12:34:44');
INSERT INTO `product_description` (`id`, `product_id`, `vendor_name`, `vendor_country`, `desctiption`, `created_at`, `updated_at`) VALUES (76, 24, 'aliquam', 'Estonia', 'Iste dolorum ullam in ipsum fuga dolor. Ut nisi facere deserunt ut illo officiis.', '1978-07-14 20:23:11', '2019-08-20 12:00:21');
INSERT INTO `product_description` (`id`, `product_id`, `vendor_name`, `vendor_country`, `desctiption`, `created_at`, `updated_at`) VALUES (77, 54, 'ut', 'Papua New Guinea', 'Cum sint natus minus deserunt est nostrum voluptates. Doloribus architecto sequi ad qui doloribus. Qui dolores amet sed veritatis.', '1983-03-21 21:31:25', '1996-12-06 01:34:50');
INSERT INTO `product_description` (`id`, `product_id`, `vendor_name`, `vendor_country`, `desctiption`, `created_at`, `updated_at`) VALUES (78, 66, 'nulla', 'Jamaica', 'Voluptatem occaecati magni possimus ut ullam exercitationem minima. Hic autem ea voluptatem ut. Vitae quae animi eum dolor.', '2015-12-13 08:58:19', '2002-01-04 10:07:18');
INSERT INTO `product_description` (`id`, `product_id`, `vendor_name`, `vendor_country`, `desctiption`, `created_at`, `updated_at`) VALUES (79, 32, 'quia', 'Albania', 'Totam quisquam qui ex. Alias ipsa illum fugit aspernatur libero dolores voluptatem.', '1978-04-25 19:49:20', '2015-10-05 06:08:37');
INSERT INTO `product_description` (`id`, `product_id`, `vendor_name`, `vendor_country`, `desctiption`, `created_at`, `updated_at`) VALUES (80, 64, 'doloremque', 'Kuwait', 'Optio possimus veritatis quia eius quisquam enim rerum. Sint sed sapiente saepe quidem ab. Et dolore ut quia.', '1970-01-17 03:15:26', '1991-07-25 07:01:46');
INSERT INTO `product_description` (`id`, `product_id`, `vendor_name`, `vendor_country`, `desctiption`, `created_at`, `updated_at`) VALUES (81, 25, 'accusamus', 'Algeria', 'Corporis aut magnam molestiae ab voluptates commodi id. Rerum sed quae et at. Ratione eos sunt repellendus doloribus consequatur eos quia. Quibusdam aperiam dicta vel minima atque est.', '2016-05-25 10:38:08', '1975-05-11 17:47:25');
INSERT INTO `product_description` (`id`, `product_id`, `vendor_name`, `vendor_country`, `desctiption`, `created_at`, `updated_at`) VALUES (82, 10, 'rerum', 'Philippines', 'Consequatur atque sint porro. Corporis sequi sint earum.', '1997-11-26 08:45:48', '1994-09-18 23:16:39');
INSERT INTO `product_description` (`id`, `product_id`, `vendor_name`, `vendor_country`, `desctiption`, `created_at`, `updated_at`) VALUES (83, 54, 'ut', 'Montserrat', 'Maiores expedita pariatur vitae unde architecto ipsa. Possimus ut inventore esse sit assumenda neque. Nihil qui atque voluptatibus id asperiores reprehenderit vel. Totam voluptas saepe suscipit quia.', '1998-01-30 07:54:26', '2018-07-04 22:40:53');
INSERT INTO `product_description` (`id`, `product_id`, `vendor_name`, `vendor_country`, `desctiption`, `created_at`, `updated_at`) VALUES (84, 11, 'et', 'Mali', 'Maxime ipsum sed tempora. Mollitia voluptatem quisquam ab. Temporibus quibusdam non dolores. Quis at tenetur nostrum necessitatibus.', '2016-08-20 16:50:32', '1976-09-20 17:25:58');
INSERT INTO `product_description` (`id`, `product_id`, `vendor_name`, `vendor_country`, `desctiption`, `created_at`, `updated_at`) VALUES (85, 25, 'voluptates', 'Myanmar', 'Incidunt molestiae neque omnis voluptatem enim doloremque iste. Harum quia ab vitae voluptas esse rerum enim. Et optio id ab nobis.', '1998-02-16 04:53:50', '1984-11-23 07:04:05');
INSERT INTO `product_description` (`id`, `product_id`, `vendor_name`, `vendor_country`, `desctiption`, `created_at`, `updated_at`) VALUES (86, 99, 'labore', 'Venezuela', 'Dignissimos labore excepturi quia omnis. Reiciendis qui velit sed esse ipsa. Reiciendis necessitatibus non quisquam suscipit inventore et quia.', '2013-10-16 19:08:43', '1987-06-05 22:04:52');
INSERT INTO `product_description` (`id`, `product_id`, `vendor_name`, `vendor_country`, `desctiption`, `created_at`, `updated_at`) VALUES (87, 84, 'perferendis', 'Western Sahara', 'Et illum in dignissimos ipsa. Fugiat doloribus nihil dolorum et perspiciatis consectetur et autem. Enim enim dolorum nulla aut. Veritatis reiciendis rerum inventore eius est a.', '1985-11-04 06:54:10', '1981-03-05 11:17:30');
INSERT INTO `product_description` (`id`, `product_id`, `vendor_name`, `vendor_country`, `desctiption`, `created_at`, `updated_at`) VALUES (88, 37, 'eveniet', 'Spain', 'Eos odit perferendis unde alias ex est. Ut rerum vel nemo voluptatem corporis facere iste laudantium. Natus debitis aperiam amet dolore eos qui. Maiores quaerat temporibus odio dolor consectetur.', '1994-12-17 01:48:41', '2020-08-12 22:17:55');
INSERT INTO `product_description` (`id`, `product_id`, `vendor_name`, `vendor_country`, `desctiption`, `created_at`, `updated_at`) VALUES (89, 85, 'commodi', 'Bhutan', 'Quis ut facere quas. Dignissimos aperiam quos magnam voluptatem.', '2015-10-12 11:49:05', '1988-10-23 06:19:35');
INSERT INTO `product_description` (`id`, `product_id`, `vendor_name`, `vendor_country`, `desctiption`, `created_at`, `updated_at`) VALUES (90, 10, 'consectetur', 'Bangladesh', 'Et sit perferendis quo ad at. A laudantium autem animi vel. Officia ullam tenetur perspiciatis nisi. Iste cum adipisci veniam.', '1994-09-25 10:02:01', '1977-02-03 09:26:00');
INSERT INTO `product_description` (`id`, `product_id`, `vendor_name`, `vendor_country`, `desctiption`, `created_at`, `updated_at`) VALUES (91, 25, 'adipisci', 'Mali', 'Sed consequatur tenetur vel temporibus. Ratione eius nisi quaerat et earum voluptatibus accusamus. Doloremque excepturi commodi labore harum modi aut voluptas.', '1981-07-18 04:05:01', '1978-04-09 02:26:47');
INSERT INTO `product_description` (`id`, `product_id`, `vendor_name`, `vendor_country`, `desctiption`, `created_at`, `updated_at`) VALUES (92, 25, 'consequatur', 'Liechtenstein', 'Corporis tempore qui tenetur tempore. Eius aliquam quis quibusdam odit et porro. Animi et id architecto aut laborum sit.', '1988-02-01 05:29:42', '2021-04-16 17:06:04');
INSERT INTO `product_description` (`id`, `product_id`, `vendor_name`, `vendor_country`, `desctiption`, `created_at`, `updated_at`) VALUES (93, 21, 'quas', 'Mayotte', 'Amet error dolorum eveniet. Qui impedit doloremque quis. Ipsum est quidem vel debitis accusamus aut aperiam. Quae aut sequi est est quod itaque.', '1977-06-22 18:06:47', '1986-06-08 09:59:55');
INSERT INTO `product_description` (`id`, `product_id`, `vendor_name`, `vendor_country`, `desctiption`, `created_at`, `updated_at`) VALUES (94, 71, 'nulla', 'Switzerland', 'Commodi porro enim officia. Omnis saepe mollitia ad minus corrupti. Quia voluptas repellat et est eos odit in porro. Unde inventore aliquam repellendus et unde vitae et est.', '1994-02-25 12:36:18', '2003-09-23 03:26:21');
INSERT INTO `product_description` (`id`, `product_id`, `vendor_name`, `vendor_country`, `desctiption`, `created_at`, `updated_at`) VALUES (95, 62, 'architecto', 'Mexico', 'Alias aperiam rerum sed rerum quisquam id. Nulla placeat officiis ipsa eaque eum. Labore vel qui quas. Quia alias quia doloribus temporibus.', '1985-10-28 16:24:15', '1996-09-04 02:08:08');
INSERT INTO `product_description` (`id`, `product_id`, `vendor_name`, `vendor_country`, `desctiption`, `created_at`, `updated_at`) VALUES (96, 39, 'quaerat', 'Namibia', 'Dicta dolorum non molestiae dolorem ea assumenda. Maiores eaque illo optio illum similique ut. Eos et animi vel voluptatem. Et qui earum sed aliquam asperiores.', '2001-11-04 06:43:09', '1971-10-14 06:03:00');
INSERT INTO `product_description` (`id`, `product_id`, `vendor_name`, `vendor_country`, `desctiption`, `created_at`, `updated_at`) VALUES (97, 37, 'animi', 'Gabon', 'Mollitia velit quia reiciendis autem. Labore laudantium inventore nulla in voluptatum. Voluptatem autem ex quas dolorum numquam est.', '1994-02-27 07:03:58', '2001-03-05 03:12:35');
INSERT INTO `product_description` (`id`, `product_id`, `vendor_name`, `vendor_country`, `desctiption`, `created_at`, `updated_at`) VALUES (98, 5, 'velit', 'Cape Verde', 'In saepe sit ut fuga natus. Praesentium quia voluptatem aut fugit nostrum dicta eos id. Officia hic delectus sequi dolorem ut.', '1987-11-05 16:44:38', '1973-10-10 21:40:55');
INSERT INTO `product_description` (`id`, `product_id`, `vendor_name`, `vendor_country`, `desctiption`, `created_at`, `updated_at`) VALUES (99, 30, 'repudiandae', 'Monaco', 'Ut labore nesciunt ab ullam similique facere. Rerum atque amet provident dolorum fuga tempore est. A rerum fuga sunt rem corporis.', '2006-03-29 06:14:34', '2003-08-30 09:38:49');
INSERT INTO `product_description` (`id`, `product_id`, `vendor_name`, `vendor_country`, `desctiption`, `created_at`, `updated_at`) VALUES (100, 74, 'eaque', 'Guatemala', 'Quia et et repellat placeat voluptas veniam quis. Dicta eaque quia laboriosam corrupti sequi id voluptates ipsam. Architecto dignissimos qui vel laudantium.', '1972-12-22 13:45:48', '2017-03-17 22:35:36');

DROP TABLE IF EXISTS `basket`;
-- 7. Корзина --
CREATE TABLE `basket` (
  `id` int(10) unsigned NOT NULL COMMENT 'Идентификатор строки',
  `user_id` int(10) unsigned NOT NULL COMMENT 'Идентификатор пользователя',
  `product_id` int(10) unsigned NOT NULL COMMENT 'Идентификатор продукции',
  `quantity` int(10) unsigned NOT NULL COMMENT 'Количество продукции',
  `created_at` datetime DEFAULT current_timestamp() COMMENT 'Дата создания строки',
  `updated_at` datetime DEFAULT current_timestamp() COMMENT 'Дата последнего обновления строки',
  PRIMARY KEY (`id`,`product_id`)
) ENGINE=InnoDB DEFAULT CHARSET=utf8mb4 COLLATE=utf8mb4_unicode_ci;

INSERT INTO `basket` (`id`, `user_id`, `product_id`, `quantity`, `created_at`, `updated_at`) VALUES (1, 2, 25, 3, '1987-01-16 23:16:32', '2014-04-28 19:50:30');
INSERT INTO `basket` (`id`, `user_id`, `product_id`, `quantity`, `created_at`, `updated_at`) VALUES (1, 2, 92, 9, '2009-11-21 16:34:23', '1982-11-02 19:06:39');
INSERT INTO `basket` (`id`, `user_id`, `product_id`, `quantity`, `created_at`, `updated_at`) VALUES (1, 2, 60, 10, '2003-01-11 07:37:56', '1996-08-01 12:30:48');
INSERT INTO `basket` (`id`, `user_id`, `product_id`, `quantity`, `created_at`, `updated_at`) VALUES (1, 2, 68, 7, '1993-03-19 02:38:15', '1996-02-16 06:52:29');
INSERT INTO `basket` (`id`, `user_id`, `product_id`, `quantity`, `created_at`, `updated_at`) VALUES (1, 2, 22, 5, '2006-12-18 14:27:46', '2012-10-07 09:21:52');
INSERT INTO `basket` (`id`, `user_id`, `product_id`, `quantity`, `created_at`, `updated_at`) VALUES (2, 11, 71, 9, '2017-04-03 07:05:00', '2000-04-25 13:28:40');
INSERT INTO `basket` (`id`, `user_id`, `product_id`, `quantity`, `created_at`, `updated_at`) VALUES (2, 11, 47, 3, '1992-09-22 12:43:43', '1997-01-27 19:52:51');
INSERT INTO `basket` (`id`, `user_id`, `product_id`, `quantity`, `created_at`, `updated_at`) VALUES (3, 13, 97, 5, '2010-10-01 16:53:52', '2015-08-16 17:03:43');
INSERT INTO `basket` (`id`, `user_id`, `product_id`, `quantity`, `created_at`, `updated_at`) VALUES (3, 13, 61, 8, '1978-10-23 08:23:18', '2004-04-07 19:15:24');
INSERT INTO `basket` (`id`, `user_id`, `product_id`, `quantity`, `created_at`, `updated_at`) VALUES (4, 15, 19, 10, '2003-07-19 00:35:45', '1989-01-02 04:31:57');
INSERT INTO `basket` (`id`, `user_id`, `product_id`, `quantity`, `created_at`, `updated_at`) VALUES (5, 16, 46, 4, '1975-10-12 19:52:20', '1990-04-12 05:43:41');
INSERT INTO `basket` (`id`, `user_id`, `product_id`, `quantity`, `created_at`, `updated_at`) VALUES (5, 16, 49, 4, '1989-10-21 06:20:13', '2020-10-28 17:49:13');
INSERT INTO `basket` (`id`, `user_id`, `product_id`, `quantity`, `created_at`, `updated_at`) VALUES (5, 16, 89, 3, '2020-11-16 07:43:58', '2010-11-22 19:48:16');
INSERT INTO `basket` (`id`, `user_id`, `product_id`, `quantity`, `created_at`, `updated_at`) VALUES (6, 17, 41, 7, '1998-11-15 06:59:22', '1984-08-16 21:40:48');
INSERT INTO `basket` (`id`, `user_id`, `product_id`, `quantity`, `created_at`, `updated_at`) VALUES (6, 17, 13, 3, '1981-12-18 04:58:56', '1992-09-10 15:07:33');
INSERT INTO `basket` (`id`, `user_id`, `product_id`, `quantity`, `created_at`, `updated_at`) VALUES (6, 17, 50, 6, '2016-07-08 07:45:55', '1986-10-20 07:53:02');
INSERT INTO `basket` (`id`, `user_id`, `product_id`, `quantity`, `created_at`, `updated_at`) VALUES (7, 28, 44, 4, '2016-08-17 19:55:21', '2006-01-01 05:38:12');
INSERT INTO `basket` (`id`, `user_id`, `product_id`, `quantity`, `created_at`, `updated_at`) VALUES (8, 30, 75, 2, '1987-01-17 02:28:30', '2012-01-30 04:04:05');
INSERT INTO `basket` (`id`, `user_id`, `product_id`, `quantity`, `created_at`, `updated_at`) VALUES (9, 31, 98, 2, '2015-04-06 03:50:20', '1989-10-12 14:53:02');
INSERT INTO `basket` (`id`, `user_id`, `product_id`, `quantity`, `created_at`, `updated_at`) VALUES (9, 31, 97, 3, '2008-08-02 14:24:09', '1980-10-11 02:01:54');
INSERT INTO `basket` (`id`, `user_id`, `product_id`, `quantity`, `created_at`, `updated_at`) VALUES (9, 31, 99, 8, '2002-09-03 12:08:06', '2015-02-15 17:51:28');
INSERT INTO `basket` (`id`, `user_id`, `product_id`, `quantity`, `created_at`, `updated_at`) VALUES (10, 35, 70, 4, '2005-05-22 22:37:51', '1982-08-01 04:19:15');
INSERT INTO `basket` (`id`, `user_id`, `product_id`, `quantity`, `created_at`, `updated_at`) VALUES (10, 35, 29, 7, '1977-03-23 17:11:14', '1984-06-09 23:56:49');
INSERT INTO `basket` (`id`, `user_id`, `product_id`, `quantity`, `created_at`, `updated_at`) VALUES (10, 35, 43, 4, '2010-10-13 14:44:43', '2016-03-25 10:18:43');
INSERT INTO `basket` (`id`, `user_id`, `product_id`, `quantity`, `created_at`, `updated_at`) VALUES (10, 35, 79, 7, '2017-02-24 10:31:13', '1997-04-05 10:02:16');
INSERT INTO `basket` (`id`, `user_id`, `product_id`, `quantity`, `created_at`, `updated_at`) VALUES (11, 40, 5, 6, '1983-08-29 00:54:43', '1989-09-10 02:38:06');
INSERT INTO `basket` (`id`, `user_id`, `product_id`, `quantity`, `created_at`, `updated_at`) VALUES (11, 40, 36, 3, '1986-03-09 16:28:37', '1979-09-06 19:19:54');
INSERT INTO `basket` (`id`, `user_id`, `product_id`, `quantity`, `created_at`, `updated_at`) VALUES (12, 42, 26, 5, '1991-07-31 16:33:18', '1995-06-17 01:05:33');
INSERT INTO `basket` (`id`, `user_id`, `product_id`, `quantity`, `created_at`, `updated_at`) VALUES (13, 43, 69, 3, '1998-10-21 21:30:03', '2012-06-16 11:41:31');
INSERT INTO `basket` (`id`, `user_id`, `product_id`, `quantity`, `created_at`, `updated_at`) VALUES (14, 46, 76, 10, '2014-12-30 06:32:44', '1993-05-18 18:26:36');
INSERT INTO `basket` (`id`, `user_id`, `product_id`, `quantity`, `created_at`, `updated_at`) VALUES (15, 47, 38, 7, '2016-11-05 20:45:49', '1993-01-09 18:29:56');
INSERT INTO `basket` (`id`, `user_id`, `product_id`, `quantity`, `created_at`, `updated_at`) VALUES (15, 47, 64, 8, '2003-02-25 17:20:38', '1972-08-05 13:00:58');
INSERT INTO `basket` (`id`, `user_id`, `product_id`, `quantity`, `created_at`, `updated_at`) VALUES (16, 50, 90, 3, '2006-07-26 11:50:34', '1971-05-22 23:01:07');
INSERT INTO `basket` (`id`, `user_id`, `product_id`, `quantity`, `created_at`, `updated_at`) VALUES (17, 53, 70, 1, '1975-04-27 18:23:25', '2004-06-05 16:54:17');
INSERT INTO `basket` (`id`, `user_id`, `product_id`, `quantity`, `created_at`, `updated_at`) VALUES (17, 53, 66, 9, '1989-07-22 01:08:04', '1976-11-16 08:23:28');
INSERT INTO `basket` (`id`, `user_id`, `product_id`, `quantity`, `created_at`, `updated_at`) VALUES (18, 55, 41, 4, '1990-02-14 02:22:26', '1984-03-26 20:35:59');
INSERT INTO `basket` (`id`, `user_id`, `product_id`, `quantity`, `created_at`, `updated_at`) VALUES (19, 56, 66, 6, '1981-06-02 15:01:02', '1997-04-12 11:42:41');
INSERT INTO `basket` (`id`, `user_id`, `product_id`, `quantity`, `created_at`, `updated_at`) VALUES (19, 56, 62, 3, '1994-08-13 00:31:28', '1992-08-17 03:33:28');
INSERT INTO `basket` (`id`, `user_id`, `product_id`, `quantity`, `created_at`, `updated_at`) VALUES (19, 56, 22, 7, '1990-12-13 14:39:41', '1992-09-08 23:47:22');
INSERT INTO `basket` (`id`, `user_id`, `product_id`, `quantity`, `created_at`, `updated_at`) VALUES (19, 56, 40, 5, '2011-01-22 07:07:07', '1997-10-18 15:15:27');
INSERT INTO `basket` (`id`, `user_id`, `product_id`, `quantity`, `created_at`, `updated_at`) VALUES (19, 56, 59, 7, '2002-02-04 05:50:06', '1985-11-25 05:56:40');
INSERT INTO `basket` (`id`, `user_id`, `product_id`, `quantity`, `created_at`, `updated_at`) VALUES (20, 61, 56, 5, '1997-01-31 02:08:12', '2012-04-17 12:03:08');
INSERT INTO `basket` (`id`, `user_id`, `product_id`, `quantity`, `created_at`, `updated_at`) VALUES (20, 61, 11, 9, '2016-05-06 05:43:12', '2004-09-16 15:27:56');
INSERT INTO `basket` (`id`, `user_id`, `product_id`, `quantity`, `created_at`, `updated_at`) VALUES (20, 61, 79, 1, '2015-09-06 19:25:31', '1999-02-14 14:04:13');
INSERT INTO `basket` (`id`, `user_id`, `product_id`, `quantity`, `created_at`, `updated_at`) VALUES (21, 67, 49, 4, '2013-10-11 21:26:04', '1976-04-17 05:34:10');
INSERT INTO `basket` (`id`, `user_id`, `product_id`, `quantity`, `created_at`, `updated_at`) VALUES (22, 68, 4, 2, '2019-07-28 06:55:08', '2010-07-26 23:37:26');
INSERT INTO `basket` (`id`, `user_id`, `product_id`, `quantity`, `created_at`, `updated_at`) VALUES (22, 68, 7, 6, '1978-05-06 05:05:42', '1997-07-09 19:46:42');
INSERT INTO `basket` (`id`, `user_id`, `product_id`, `quantity`, `created_at`, `updated_at`) VALUES (22, 68, 18, 1, '1999-09-15 23:43:41', '1982-03-18 00:37:10');
INSERT INTO `basket` (`id`, `user_id`, `product_id`, `quantity`, `created_at`, `updated_at`) VALUES (23, 71, 35, 9, '1977-12-10 01:44:05', '1992-09-21 08:00:05');
INSERT INTO `basket` (`id`, `user_id`, `product_id`, `quantity`, `created_at`, `updated_at`) VALUES (24, 73, 74, 8, '1989-06-21 15:10:20', '1972-12-03 19:04:37');
INSERT INTO `basket` (`id`, `user_id`, `product_id`, `quantity`, `created_at`, `updated_at`) VALUES (25, 75, 22, 5, '1977-10-24 20:53:05', '2019-07-08 08:21:30');
INSERT INTO `basket` (`id`, `user_id`, `product_id`, `quantity`, `created_at`, `updated_at`) VALUES (26, 79, 38, 2, '1976-04-30 16:21:56', '2012-07-01 22:21:48');
INSERT INTO `basket` (`id`, `user_id`, `product_id`, `quantity`, `created_at`, `updated_at`) VALUES (27, 84, 77, 3, '1988-10-03 15:21:48', '1980-12-20 07:48:05');
INSERT INTO `basket` (`id`, `user_id`, `product_id`, `quantity`, `created_at`, `updated_at`) VALUES (27, 84, 13, 4, '1982-04-02 12:11:08', '2003-03-15 23:15:20');
INSERT INTO `basket` (`id`, `user_id`, `product_id`, `quantity`, `created_at`, `updated_at`) VALUES (28, 87, 85, 1, '2020-09-06 10:33:05', '2009-10-17 06:43:16');
INSERT INTO `basket` (`id`, `user_id`, `product_id`, `quantity`, `created_at`, `updated_at`) VALUES (29, 91, 12, 10, '1973-01-08 01:35:36', '1999-05-22 00:42:55');
INSERT INTO `basket` (`id`, `user_id`, `product_id`, `quantity`, `created_at`, `updated_at`) VALUES (30, 94, 88, 1, '1981-08-01 17:12:05', '2008-01-02 23:54:09');
INSERT INTO `basket` (`id`, `user_id`, `product_id`, `quantity`, `created_at`, `updated_at`) VALUES (31, 96, 60, 9, '2005-05-01 21:13:00', '2011-11-20 10:47:04');
INSERT INTO `basket` (`id`, `user_id`, `product_id`, `quantity`, `created_at`, `updated_at`) VALUES (32, 98, 84, 1, '2015-12-30 13:05:42', '2018-04-24 17:18:13');
INSERT INTO `basket` (`id`, `user_id`, `product_id`, `quantity`, `created_at`, `updated_at`) VALUES (32, 98, 2, 4, '1993-11-06 17:51:45', '1977-08-11 19:25:04');


DROP TABLE IF EXISTS `order`;
-- 8. Заказ --
CREATE TABLE `order` (
  `id` int(10) unsigned NOT NULL AUTO_INCREMENT COMMENT 'Идентификатор строки',
  `basket_id` int(10) unsigned NOT NULL COMMENT 'Идентификатор корзины пользователя',
  `status_id` int(10) unsigned NOT NULL COMMENT 'Идентификатор статуса заказа',
  `pick_point_id` int(10) unsigned NOT NULL COMMENT 'Идентификатор пункта доставки',
  `created_at` datetime DEFAULT current_timestamp() COMMENT 'Дата создания строки',
  `updated_at` datetime DEFAULT current_timestamp() COMMENT 'Дата последнего обновления строки',
  PRIMARY KEY (`id`)
) ENGINE=InnoDB AUTO_INCREMENT=101 DEFAULT CHARSET=utf8mb4 COLLATE=utf8mb4_unicode_ci;

INSERT INTO `order` (`id`, `basket_id`, `status_id`, `pick_point_id`, `created_at`, `updated_at`) VALUES (1, 1, 2, 2, '1971-03-05 03:23:26', '1990-07-20 09:02:55');
INSERT INTO `order` (`id`, `basket_id`, `status_id`, `pick_point_id`, `created_at`, `updated_at`) VALUES (2, 1, 4, 13, '1988-02-17 22:12:49', '1998-01-10 00:13:35');
INSERT INTO `order` (`id`, `basket_id`, `status_id`, `pick_point_id`, `created_at`, `updated_at`) VALUES (3, 2, 1, 5, '1977-09-01 02:07:01', '2007-02-19 17:11:27');
INSERT INTO `order` (`id`, `basket_id`, `status_id`, `pick_point_id`, `created_at`, `updated_at`) VALUES (4, 2, 4, 2, '1999-10-06 13:13:04', '1977-06-20 23:47:42');
INSERT INTO `order` (`id`, `basket_id`, `status_id`, `pick_point_id`, `created_at`, `updated_at`) VALUES (5, 3, 1, 5, '1996-07-27 11:20:41', '2012-07-22 21:22:34');
INSERT INTO `order` (`id`, `basket_id`, `status_id`, `pick_point_id`, `created_at`, `updated_at`) VALUES (6, 3, 4, 11, '1982-06-29 22:05:49', '1985-05-16 08:19:31');
INSERT INTO `order` (`id`, `basket_id`, `status_id`, `pick_point_id`, `created_at`, `updated_at`) VALUES (7, 4, 2, 3, '1990-04-09 17:59:39', '1972-10-06 17:16:34');
INSERT INTO `order` (`id`, `basket_id`, `status_id`, `pick_point_id`, `created_at`, `updated_at`) VALUES (8, 4, 3, 8, '2008-08-14 14:37:41', '2003-11-03 08:26:32');
INSERT INTO `order` (`id`, `basket_id`, `status_id`, `pick_point_id`, `created_at`, `updated_at`) VALUES (9, 4, 1, 10, '2020-08-14 23:46:45', '2017-04-24 18:17:53');
INSERT INTO `order` (`id`, `basket_id`, `status_id`, `pick_point_id`, `created_at`, `updated_at`) VALUES (10, 5, 4, 1, '2019-05-23 15:44:04', '2011-12-12 07:27:36');
INSERT INTO `order` (`id`, `basket_id`, `status_id`, `pick_point_id`, `created_at`, `updated_at`) VALUES (11, 6, 3, 3, '1991-01-31 23:54:50', '2010-07-31 08:22:02');
INSERT INTO `order` (`id`, `basket_id`, `status_id`, `pick_point_id`, `created_at`, `updated_at`) VALUES (12, 7, 3, 1, '1992-01-26 12:39:13', '2013-05-28 23:13:35');
INSERT INTO `order` (`id`, `basket_id`, `status_id`, `pick_point_id`, `created_at`, `updated_at`) VALUES (13, 7, 2, 9, '2016-10-23 19:09:20', '2018-03-09 18:36:06');
INSERT INTO `order` (`id`, `basket_id`, `status_id`, `pick_point_id`, `created_at`, `updated_at`) VALUES (14, 8, 1, 9, '2000-04-12 03:51:31', '2017-09-22 15:12:15');
INSERT INTO `order` (`id`, `basket_id`, `status_id`, `pick_point_id`, `created_at`, `updated_at`) VALUES (15, 9, 1, 12, '1981-12-05 20:32:59', '2019-10-01 07:32:01');
INSERT INTO `order` (`id`, `basket_id`, `status_id`, `pick_point_id`, `created_at`, `updated_at`) VALUES (16, 10, 1, 8, '2012-10-21 18:08:00', '1988-09-20 16:39:42');
INSERT INTO `order` (`id`, `basket_id`, `status_id`, `pick_point_id`, `created_at`, `updated_at`) VALUES (17, 11, 4, 4, '2005-10-31 06:32:38', '2019-10-04 17:15:12');
INSERT INTO `order` (`id`, `basket_id`, `status_id`, `pick_point_id`, `created_at`, `updated_at`) VALUES (18, 12, 4, 10, '2016-11-05 11:52:26', '1982-11-15 06:51:04');
INSERT INTO `order` (`id`, `basket_id`, `status_id`, `pick_point_id`, `created_at`, `updated_at`) VALUES (19, 13, 4, 11, '2018-10-04 14:17:27', '2013-04-07 11:02:55');
INSERT INTO `order` (`id`, `basket_id`, `status_id`, `pick_point_id`, `created_at`, `updated_at`) VALUES (20, 14, 2, 15, '1984-05-19 14:47:12', '2010-10-13 13:55:15');
INSERT INTO `order` (`id`, `basket_id`, `status_id`, `pick_point_id`, `created_at`, `updated_at`) VALUES (21, 15, 2, 9, '1993-03-29 12:56:48', '1993-02-16 20:17:06');
INSERT INTO `order` (`id`, `basket_id`, `status_id`, `pick_point_id`, `created_at`, `updated_at`) VALUES (22, 16, 1, 11, '1982-01-25 23:09:29', '1995-07-04 10:53:52');
INSERT INTO `order` (`id`, `basket_id`, `status_id`, `pick_point_id`, `created_at`, `updated_at`) VALUES (23, 17, 1, 1, '1987-07-08 22:27:44', '1997-07-18 05:45:30');
INSERT INTO `order` (`id`, `basket_id`, `status_id`, `pick_point_id`, `created_at`, `updated_at`) VALUES (24, 17, 3, 5, '2014-09-07 16:51:13', '1994-12-26 20:12:48');
INSERT INTO `order` (`id`, `basket_id`, `status_id`, `pick_point_id`, `created_at`, `updated_at`) VALUES (25, 18, 3, 3, '1998-05-16 15:43:48', '2019-11-08 20:16:45');
INSERT INTO `order` (`id`, `basket_id`, `status_id`, `pick_point_id`, `created_at`, `updated_at`) VALUES (26, 19, 3, 10, '1970-11-18 21:14:45', '2020-07-06 11:40:54');
INSERT INTO `order` (`id`, `basket_id`, `status_id`, `pick_point_id`, `created_at`, `updated_at`) VALUES (27, 20, 3, 1, '1976-09-01 11:44:04', '1994-08-17 16:24:02');
INSERT INTO `order` (`id`, `basket_id`, `status_id`, `pick_point_id`, `created_at`, `updated_at`) VALUES (28, 21, 3, 14, '1998-07-19 19:31:13', '1976-05-06 00:56:20');
INSERT INTO `order` (`id`, `basket_id`, `status_id`, `pick_point_id`, `created_at`, `updated_at`) VALUES (29, 22, 3, 2, '2003-02-25 01:15:36', '1970-03-07 01:08:39');
INSERT INTO `order` (`id`, `basket_id`, `status_id`, `pick_point_id`, `created_at`, `updated_at`) VALUES (30, 23, 3, 14, '2000-11-21 12:57:43', '2009-03-21 01:29:53');
INSERT INTO `order` (`id`, `basket_id`, `status_id`, `pick_point_id`, `created_at`, `updated_at`) VALUES (31, 24, 2, 4, '1979-08-26 03:23:13', '1989-09-22 11:10:49');
INSERT INTO `order` (`id`, `basket_id`, `status_id`, `pick_point_id`, `created_at`, `updated_at`) VALUES (32, 25, 2, 7, '1980-02-01 01:14:46', '1998-10-08 01:37:49');
INSERT INTO `order` (`id`, `basket_id`, `status_id`, `pick_point_id`, `created_at`, `updated_at`) VALUES (33, 26, 2, 7, '1996-12-24 03:54:48', '1991-06-10 15:35:21');
INSERT INTO `order` (`id`, `basket_id`, `status_id`, `pick_point_id`, `created_at`, `updated_at`) VALUES (34, 26, 4, 15, '1988-01-17 19:12:27', '1993-03-21 04:56:25');
INSERT INTO `order` (`id`, `basket_id`, `status_id`, `pick_point_id`, `created_at`, `updated_at`) VALUES (35, 27, 1, 3, '1982-09-19 03:39:07', '2001-06-11 03:57:32');
INSERT INTO `order` (`id`, `basket_id`, `status_id`, `pick_point_id`, `created_at`, `updated_at`) VALUES (36, 27, 4, 3, '1994-07-13 02:31:08', '2000-11-04 01:10:21');
INSERT INTO `order` (`id`, `basket_id`, `status_id`, `pick_point_id`, `created_at`, `updated_at`) VALUES (37, 27, 3, 9, '1990-08-05 08:07:19', '1995-11-02 04:15:53');
INSERT INTO `order` (`id`, `basket_id`, `status_id`, `pick_point_id`, `created_at`, `updated_at`) VALUES (38, 28, 3, 14, '2016-12-01 07:54:41', '2003-10-05 09:30:41');
INSERT INTO `order` (`id`, `basket_id`, `status_id`, `pick_point_id`, `created_at`, `updated_at`) VALUES (39, 28, 1, 12, '1994-04-21 00:01:15', '1994-02-07 16:46:29');
INSERT INTO `order` (`id`, `basket_id`, `status_id`, `pick_point_id`, `created_at`, `updated_at`) VALUES (40, 28, 4, 4, '2001-12-24 06:00:59', '2016-04-21 06:23:04');
INSERT INTO `order` (`id`, `basket_id`, `status_id`, `pick_point_id`, `created_at`, `updated_at`) VALUES (41, 29, 4, 15, '1999-03-14 05:57:28', '2020-07-31 01:58:58');
INSERT INTO `order` (`id`, `basket_id`, `status_id`, `pick_point_id`, `created_at`, `updated_at`) VALUES (42, 30, 1, 8, '1983-01-08 03:31:24', '2019-09-04 08:53:43');
INSERT INTO `order` (`id`, `basket_id`, `status_id`, `pick_point_id`, `created_at`, `updated_at`) VALUES (43, 30, 3, 15, '1975-10-22 10:16:06', '2000-03-02 02:46:44');
INSERT INTO `order` (`id`, `basket_id`, `status_id`, `pick_point_id`, `created_at`, `updated_at`) VALUES (44, 30, 4, 10, '2018-03-01 19:39:00', '2020-02-13 15:23:01');
INSERT INTO `order` (`id`, `basket_id`, `status_id`, `pick_point_id`, `created_at`, `updated_at`) VALUES (45, 31, 3, 12, '1982-09-10 18:57:01', '2000-09-29 19:55:43');
INSERT INTO `order` (`id`, `basket_id`, `status_id`, `pick_point_id`, `created_at`, `updated_at`) VALUES (46, 31, 1, 12, '1990-12-29 08:35:01', '2003-07-27 12:39:50');
INSERT INTO `order` (`id`, `basket_id`, `status_id`, `pick_point_id`, `created_at`, `updated_at`) VALUES (47, 32, 3, 11, '1976-06-30 12:39:48', '2016-10-13 01:33:11');
INSERT INTO `order` (`id`, `basket_id`, `status_id`, `pick_point_id`, `created_at`, `updated_at`) VALUES (48, 32, 4, 3, '1986-11-20 15:47:04', '2007-06-12 05:22:08');
INSERT INTO `order` (`id`, `basket_id`, `status_id`, `pick_point_id`, `created_at`, `updated_at`) VALUES (49, 32, 1, 11, '2002-05-13 09:12:08', '2019-01-10 01:01:18');
INSERT INTO `order` (`id`, `basket_id`, `status_id`, `pick_point_id`, `created_at`, `updated_at`) VALUES (50, 33, 4, 2, '2004-10-10 01:25:01', '1998-01-04 00:52:38');
INSERT INTO `order` (`id`, `basket_id`, `status_id`, `pick_point_id`, `created_at`, `updated_at`) VALUES (51, 33, 2, 11, '2006-10-26 16:04:54', '2003-01-06 18:49:47');
INSERT INTO `order` (`id`, `basket_id`, `status_id`, `pick_point_id`, `created_at`, `updated_at`) VALUES (52, 34, 4, 1, '2016-02-12 07:22:07', '2020-12-06 14:01:10');
INSERT INTO `order` (`id`, `basket_id`, `status_id`, `pick_point_id`, `created_at`, `updated_at`) VALUES (53, 34, 3, 13, '1975-01-26 03:49:55', '1986-05-22 00:41:05');
INSERT INTO `order` (`id`, `basket_id`, `status_id`, `pick_point_id`, `created_at`, `updated_at`) VALUES (54, 35, 4, 12, '1976-02-13 07:23:52', '1971-10-30 07:48:46');
INSERT INTO `order` (`id`, `basket_id`, `status_id`, `pick_point_id`, `created_at`, `updated_at`) VALUES (55, 35, 3, 10, '1970-03-08 08:58:23', '1983-08-10 23:38:20');
INSERT INTO `order` (`id`, `basket_id`, `status_id`, `pick_point_id`, `created_at`, `updated_at`) VALUES (56, 36, 3, 13, '1973-12-20 14:53:32', '2013-06-23 18:57:31');
INSERT INTO `order` (`id`, `basket_id`, `status_id`, `pick_point_id`, `created_at`, `updated_at`) VALUES (57, 36, 1, 12, '1986-01-02 09:04:12', '2012-01-12 15:47:09');
INSERT INTO `order` (`id`, `basket_id`, `status_id`, `pick_point_id`, `created_at`, `updated_at`) VALUES (58, 37, 3, 7, '2015-03-12 03:41:29', '2000-09-26 10:40:29');
INSERT INTO `order` (`id`, `basket_id`, `status_id`, `pick_point_id`, `created_at`, `updated_at`) VALUES (59, 37, 2, 13, '2013-12-26 13:32:49', '1993-10-25 12:30:33');
INSERT INTO `order` (`id`, `basket_id`, `status_id`, `pick_point_id`, `created_at`, `updated_at`) VALUES (60, 37, 4, 2, '2019-08-16 14:08:55', '2005-10-15 02:09:13');
INSERT INTO `order` (`id`, `basket_id`, `status_id`, `pick_point_id`, `created_at`, `updated_at`) VALUES (61, 38, 2, 12, '2012-05-01 23:35:17', '1999-12-14 07:04:51');
INSERT INTO `order` (`id`, `basket_id`, `status_id`, `pick_point_id`, `created_at`, `updated_at`) VALUES (62, 39, 3, 4, '1972-10-24 09:06:40', '1991-07-29 03:02:56');
INSERT INTO `order` (`id`, `basket_id`, `status_id`, `pick_point_id`, `created_at`, `updated_at`) VALUES (63, 40, 4, 11, '2014-12-22 07:49:46', '2004-07-03 16:27:39');
INSERT INTO `order` (`id`, `basket_id`, `status_id`, `pick_point_id`, `created_at`, `updated_at`) VALUES (64, 41, 3, 2, '1999-03-27 09:27:47', '2005-10-31 07:43:57');
INSERT INTO `order` (`id`, `basket_id`, `status_id`, `pick_point_id`, `created_at`, `updated_at`) VALUES (65, 42, 2, 10, '2009-01-05 02:25:26', '2004-03-05 17:07:11');
INSERT INTO `order` (`id`, `basket_id`, `status_id`, `pick_point_id`, `created_at`, `updated_at`) VALUES (66, 43, 2, 2, '1986-08-29 22:00:02', '2020-11-08 17:26:37');
INSERT INTO `order` (`id`, `basket_id`, `status_id`, `pick_point_id`, `created_at`, `updated_at`) VALUES (67, 44, 1, 7, '1976-05-09 07:49:11', '1987-09-18 23:42:51');
INSERT INTO `order` (`id`, `basket_id`, `status_id`, `pick_point_id`, `created_at`, `updated_at`) VALUES (68, 44, 4, 8, '1982-12-12 07:48:31', '1970-03-27 19:39:40');
INSERT INTO `order` (`id`, `basket_id`, `status_id`, `pick_point_id`, `created_at`, `updated_at`) VALUES (69, 44, 2, 15, '1985-08-20 05:49:24', '2001-03-18 18:22:19');
INSERT INTO `order` (`id`, `basket_id`, `status_id`, `pick_point_id`, `created_at`, `updated_at`) VALUES (70, 44, 3, 6, '2015-11-24 12:46:21', '1998-03-22 05:07:52');
INSERT INTO `order` (`id`, `basket_id`, `status_id`, `pick_point_id`, `created_at`, `updated_at`) VALUES (71, 45, 3, 14, '1991-07-26 22:26:42', '2010-12-09 15:06:18');
INSERT INTO `order` (`id`, `basket_id`, `status_id`, `pick_point_id`, `created_at`, `updated_at`) VALUES (72, 45, 4, 5, '1971-11-13 05:07:53', '2019-05-03 22:22:15');
INSERT INTO `order` (`id`, `basket_id`, `status_id`, `pick_point_id`, `created_at`, `updated_at`) VALUES (73, 45, 1, 13, '2012-02-28 10:46:03', '1970-08-19 16:37:19');
INSERT INTO `order` (`id`, `basket_id`, `status_id`, `pick_point_id`, `created_at`, `updated_at`) VALUES (74, 46, 1, 9, '2000-06-25 22:38:16', '1987-11-01 18:01:50');
INSERT INTO `order` (`id`, `basket_id`, `status_id`, `pick_point_id`, `created_at`, `updated_at`) VALUES (75, 46, 2, 4, '1997-05-21 19:53:44', '1997-06-09 23:23:07');
INSERT INTO `order` (`id`, `basket_id`, `status_id`, `pick_point_id`, `created_at`, `updated_at`) VALUES (76, 47, 2, 5, '2005-05-23 15:43:59', '1998-10-01 16:30:40');
INSERT INTO `order` (`id`, `basket_id`, `status_id`, `pick_point_id`, `created_at`, `updated_at`) VALUES (77, 47, 1, 14, '1980-01-18 15:11:29', '1993-11-25 07:46:51');
INSERT INTO `order` (`id`, `basket_id`, `status_id`, `pick_point_id`, `created_at`, `updated_at`) VALUES (78, 37, 3, 6, '2005-03-27 15:59:51', '2008-04-23 07:02:02');
INSERT INTO `order` (`id`, `basket_id`, `status_id`, `pick_point_id`, `created_at`, `updated_at`) VALUES (79, 38, 2, 15, '2012-10-31 23:40:56', '1987-06-03 20:58:16');
INSERT INTO `order` (`id`, `basket_id`, `status_id`, `pick_point_id`, `created_at`, `updated_at`) VALUES (80, 39, 2, 11, '1976-02-25 17:51:35', '1970-06-21 15:48:36');
INSERT INTO `order` (`id`, `basket_id`, `status_id`, `pick_point_id`, `created_at`, `updated_at`) VALUES (81, 40, 2, 8, '1981-08-04 16:32:21', '1970-06-14 16:28:20');
INSERT INTO `order` (`id`, `basket_id`, `status_id`, `pick_point_id`, `created_at`, `updated_at`) VALUES (82, 40, 3, 7, '2001-02-23 23:36:53', '2020-01-28 23:25:12');
INSERT INTO `order` (`id`, `basket_id`, `status_id`, `pick_point_id`, `created_at`, `updated_at`) VALUES (83, 41, 3, 11, '1982-05-27 19:05:25', '1985-04-19 11:09:20');
INSERT INTO `order` (`id`, `basket_id`, `status_id`, `pick_point_id`, `created_at`, `updated_at`) VALUES (84, 42, 3, 5, '1998-09-11 08:11:47', '2018-05-15 11:18:20');
INSERT INTO `order` (`id`, `basket_id`, `status_id`, `pick_point_id`, `created_at`, `updated_at`) VALUES (85, 42, 4, 7, '2014-04-08 23:44:40', '1998-12-20 01:30:45');
INSERT INTO `order` (`id`, `basket_id`, `status_id`, `pick_point_id`, `created_at`, `updated_at`) VALUES (86, 43, 2, 6, '2002-06-09 04:20:38', '1970-01-14 17:38:52');
INSERT INTO `order` (`id`, `basket_id`, `status_id`, `pick_point_id`, `created_at`, `updated_at`) VALUES (87, 43, 4, 8, '1984-06-04 21:20:18', '1974-01-05 14:27:49');
INSERT INTO `order` (`id`, `basket_id`, `status_id`, `pick_point_id`, `created_at`, `updated_at`) VALUES (88, 44, 2, 14, '2021-04-03 23:41:15', '1994-09-08 08:14:58');
INSERT INTO `order` (`id`, `basket_id`, `status_id`, `pick_point_id`, `created_at`, `updated_at`) VALUES (89, 44, 1, 4, '1994-05-19 12:41:22', '2001-03-17 14:42:17');
INSERT INTO `order` (`id`, `basket_id`, `status_id`, `pick_point_id`, `created_at`, `updated_at`) VALUES (90, 45, 2, 14, '1994-08-17 22:49:46', '1990-06-29 07:03:50');
INSERT INTO `order` (`id`, `basket_id`, `status_id`, `pick_point_id`, `created_at`, `updated_at`) VALUES (91, 46, 2, 9, '1971-02-23 10:46:41', '2020-11-30 15:48:44');
INSERT INTO `order` (`id`, `basket_id`, `status_id`, `pick_point_id`, `created_at`, `updated_at`) VALUES (92, 46, 4, 6, '1980-12-21 02:34:11', '2005-08-11 10:05:19');
INSERT INTO `order` (`id`, `basket_id`, `status_id`, `pick_point_id`, `created_at`, `updated_at`) VALUES (93, 47, 2, 11, '2018-09-22 20:38:53', '1994-02-28 17:10:49');
INSERT INTO `order` (`id`, `basket_id`, `status_id`, `pick_point_id`, `created_at`, `updated_at`) VALUES (94, 47, 1, 5, '2019-01-28 16:55:34', '2017-08-13 10:38:05');
INSERT INTO `order` (`id`, `basket_id`, `status_id`, `pick_point_id`, `created_at`, `updated_at`) VALUES (95, 48, 2, 7, '1999-02-19 23:27:46', '1981-10-09 19:51:39');
INSERT INTO `order` (`id`, `basket_id`, `status_id`, `pick_point_id`, `created_at`, `updated_at`) VALUES (96, 48, 3, 15, '1980-03-31 17:34:17', '2010-05-12 16:31:23');
INSERT INTO `order` (`id`, `basket_id`, `status_id`, `pick_point_id`, `created_at`, `updated_at`) VALUES (97, 48, 1, 12, '2011-07-31 21:23:18', '2013-02-16 22:48:23');
INSERT INTO `order` (`id`, `basket_id`, `status_id`, `pick_point_id`, `created_at`, `updated_at`) VALUES (98, 49, 3, 7, '1973-04-14 20:31:00', '1972-07-31 21:32:52');
INSERT INTO `order` (`id`, `basket_id`, `status_id`, `pick_point_id`, `created_at`, `updated_at`) VALUES (99, 49, 1, 4, '1971-11-29 07:06:13', '2011-02-20 10:15:26');
INSERT INTO `order` (`id`, `basket_id`, `status_id`, `pick_point_id`, `created_at`, `updated_at`) VALUES (100, 49, 4, 12, '2007-05-12 07:53:08', '1985-04-02 11:30:05');

-- 9. Доставка --
CREATE TABLE `PickPoint` (
`id` INT UNSIGNED NOT NULL AUTO_INCREMENT PRIMARY KEY COMMENT 'Идентификатор строки',
`country` VARCHAR(50) NOT NULL COMMENT 'Страна',
`city` VARCHAR(50) NOT NULL COMMENT 'Город',
`street` VARCHAR(50) NOT NULL COMMENT 'Улица',
`house_num` INT NOT NULL COMMENT 'Номер дома',
`created_at` DATETIME DEFAULT CURRENT_TIMESTAMP() COMMENT 'Дата создания строки',
`updated_at` DATETIME DEFAULT CURRENT_TIMESTAMP() COMMENT 'Дата последнего обновления строки'
);

INSERT INTO `PickPoint` (`id`, `country`, `city`, `street`, `house_num`, `created_at`, `updated_at`) VALUES (1, 'Россия', 'Москва', 'Ленина', 4, '2007-05-12 07:53:08', '1985-04-02 11:30:05');
INSERT INTO `PickPoint` (`id`, `country`, `city`, `street`, `house_num`, `created_at`, `updated_at`) VALUES (2, 'Россия', 'Москва', 'Маркса', 5, '2007-05-12 07:53:08', '1985-04-02 11:30:05');
INSERT INTO `PickPoint` (`id`, `country`, `city`, `street`, `house_num`, `created_at`, `updated_at`) VALUES (3, 'Россия', 'Иркутск', 'Королева', 7, '2007-05-12 07:53:08', '1985-04-02 11:30:05');
INSERT INTO `PickPoint` (`id`, `country`, `city`, `street`, `house_num`, `created_at`, `updated_at`) VALUES (4, 'Белорусия', 'Минск', 'Майская', 12, '2007-05-12 07:53:08', '1985-04-02 11:30:05');
INSERT INTO `PickPoint` (`id`, `country`, `city`, `street`, `house_num`, `created_at`, `updated_at`) VALUES (5, 'Россия', 'Екатеринбург', 'Труда', 12, '2007-05-12 07:53:08', '1985-04-02 11:30:05');
INSERT INTO `PickPoint` (`id`, `country`, `city`, `street`, `house_num`, `created_at`, `updated_at`) VALUES (6, 'Россия', 'Калуга', 'Чехова', 5, '2007-05-12 07:53:08', '1985-04-02 11:30:05');
INSERT INTO `PickPoint` (`id`, `country`, `city`, `street`, `house_num`, `created_at`, `updated_at`) VALUES (7, 'Россия', 'Новгород', 'Глинки', 2, '2007-05-12 07:53:08', '1985-04-02 11:30:05');
INSERT INTO `PickPoint` (`id`, `country`, `city`, `street`, `house_num`, `created_at`, `updated_at`) VALUES (8, 'Россия', 'Липецк', 'Попова', 1, '2007-05-12 07:53:08', '1985-04-02 11:30:05');
INSERT INTO `PickPoint` (`id`, `country`, `city`, `street`, `house_num`, `created_at`, `updated_at`) VALUES (9, 'Россия', 'Курск', 'Леонова', 12, '2007-05-12 07:53:08', '1985-04-02 11:30:05');
INSERT INTO `PickPoint` (`id`, `country`, `city`, `street`, `house_num`, `created_at`, `updated_at`) VALUES (10, 'Россия', 'Киров', 'Космонавтов', 312, '2007-05-12 07:53:08', '1985-04-02 11:30:05');
INSERT INTO `PickPoint` (`id`, `country`, `city`, `street`, `house_num`, `created_at`, `updated_at`) VALUES (11, 'Россия', 'Ялта', 'Энгельса', 123, '2007-05-12 07:53:08', '1985-04-02 11:30:05');
INSERT INTO `PickPoint` (`id`, `country`, `city`, `street`, `house_num`, `created_at`, `updated_at`) VALUES (12, 'Россия', 'Севастополь', 'Аксенова', 1, '2007-05-12 07:53:08', '1985-04-02 11:30:05');
INSERT INTO `PickPoint` (`id`, `country`, `city`, `street`, `house_num`, `created_at`, `updated_at`) VALUES (13, 'Россия', 'Москва', 'Ленина', 12, '2007-05-12 07:53:08', '1985-04-02 11:30:05');
INSERT INTO `PickPoint` (`id`, `country`, `city`, `street`, `house_num`, `created_at`, `updated_at`) VALUES (14, 'Россия', 'Москва', 'Ленина', 12, '2007-05-12 07:53:08', '1985-04-02 11:30:05');
INSERT INTO `PickPoint` (`id`, `country`, `city`, `street`, `house_num`, `created_at`, `updated_at`) VALUES (15, 'Россия', 'Москва', 'Ленина', 12, '2007-05-12 07:53:08', '1985-04-02 11:30:05');

-- 10. Отзыв --

DROP TABLE IF EXISTS `feedback`;

CREATE TABLE `feedback` (
  `id` int(10) unsigned NOT NULL AUTO_INCREMENT COMMENT 'Идентификатор строки',
  `product_id` int(10) unsigned NOT NULL COMMENT 'Идентификатор продукции',
  `user_id` int(10) unsigned NOT NULL COMMENT 'Идентификатор пользователя',
  `review` text COLLATE utf8mb4_unicode_ci DEFAULT NULL COMMENT 'Отзыв',
  `created_at` datetime DEFAULT current_timestamp() COMMENT 'Дата создания строки',
  `updated_at` datetime DEFAULT current_timestamp() COMMENT 'Дата последнего обновления строки',
  PRIMARY KEY (`id`)
) ENGINE=InnoDB AUTO_INCREMENT=101 DEFAULT CHARSET=utf8mb4 COLLATE=utf8mb4_unicode_ci;

INSERT INTO `feedback` (`id`, `product_id`, `user_id`, `review`, `created_at`, `updated_at`) VALUES (1, 94, 85, 'Quo nihil quia sequi quis quaerat. Aut dolor a ipsum eos quia architecto. Dolore error dicta iusto et enim quos.', '1993-08-09 00:59:24', '1983-01-16 19:09:58');
INSERT INTO `feedback` (`id`, `product_id`, `user_id`, `review`, `created_at`, `updated_at`) VALUES (2, 9, 11, 'Ut temporibus laudantium veniam beatae beatae. Ad nihil consequatur quis culpa. Hic ut nesciunt blanditiis rerum. Cumque provident et enim commodi voluptatem.', '2003-10-11 02:53:41', '1970-08-09 19:54:00');
INSERT INTO `feedback` (`id`, `product_id`, `user_id`, `review`, `created_at`, `updated_at`) VALUES (3, 32, 66, 'Omnis facilis voluptatem perferendis cumque sequi enim ipsum. Ut ratione sit officiis commodi ut deleniti. Cum quia aliquam unde quasi. Nesciunt consectetur fuga corporis sed et et necessitatibus.', '2006-12-01 00:12:36', '1995-05-29 08:38:27');
INSERT INTO `feedback` (`id`, `product_id`, `user_id`, `review`, `created_at`, `updated_at`) VALUES (4, 76, 7, 'Aliquid sunt voluptatem dignissimos. Sed corrupti nihil et nam dolorum. Quidem iste quo asperiores et explicabo. Sed dignissimos sit architecto provident iure consequatur repudiandae ratione.', '1971-01-18 06:09:23', '1993-02-28 19:48:19');
INSERT INTO `feedback` (`id`, `product_id`, `user_id`, `review`, `created_at`, `updated_at`) VALUES (5, 70, 52, 'Qui consequatur omnis in harum. Ipsa aspernatur laboriosam rem dolorem et in.', '1977-09-01 10:30:29', '1971-08-29 14:36:08');
INSERT INTO `feedback` (`id`, `product_id`, `user_id`, `review`, `created_at`, `updated_at`) VALUES (6, 60, 7, 'Sit itaque et culpa libero temporibus. Alias labore excepturi id aliquam. In necessitatibus vel voluptatum iste itaque mollitia debitis.', '1979-10-25 10:08:24', '2002-03-16 01:43:00');
INSERT INTO `feedback` (`id`, `product_id`, `user_id`, `review`, `created_at`, `updated_at`) VALUES (7, 10, 72, 'Quasi sed eligendi eos tempore ea odio. Est assumenda aut exercitationem laborum suscipit ut. Sunt et voluptatem eveniet nesciunt soluta.', '1997-10-13 23:17:29', '1986-04-07 05:55:30');
INSERT INTO `feedback` (`id`, `product_id`, `user_id`, `review`, `created_at`, `updated_at`) VALUES (8, 33, 78, 'Saepe recusandae similique eos esse ipsam totam omnis. Ut dolorem suscipit est. Officia numquam unde rerum in molestiae. Esse nobis id est nulla doloribus sed.', '1978-07-10 14:41:39', '1973-12-12 00:21:08');
INSERT INTO `feedback` (`id`, `product_id`, `user_id`, `review`, `created_at`, `updated_at`) VALUES (9, 2, 58, 'Ut magni natus at id modi nulla laboriosam. In aspernatur eveniet ea consequatur vel et. Quasi consequatur earum dignissimos qui doloribus provident.', '2002-06-25 11:12:10', '2011-01-28 06:50:11');
INSERT INTO `feedback` (`id`, `product_id`, `user_id`, `review`, `created_at`, `updated_at`) VALUES (10, 65, 4, 'Omnis necessitatibus commodi molestiae. Et aliquid sapiente quam nihil. Vel magnam ut expedita corrupti.', '2000-09-27 12:12:50', '1986-03-26 08:43:42');
INSERT INTO `feedback` (`id`, `product_id`, `user_id`, `review`, `created_at`, `updated_at`) VALUES (11, 32, 9, 'Ipsam facilis tenetur sunt molestiae provident enim. Amet similique impedit minima est asperiores. Sunt eum atque qui dolorum.', '2009-10-04 11:31:40', '1996-12-21 02:10:54');
INSERT INTO `feedback` (`id`, `product_id`, `user_id`, `review`, `created_at`, `updated_at`) VALUES (12, 10, 11, 'Aut deleniti laudantium suscipit ipsa dolore. Neque error dolor necessitatibus quo et unde et. Minima eveniet minima neque dolorem tenetur. Rem porro hic molestias qui fugit sint.', '1977-01-07 12:45:47', '2005-10-25 20:24:24');
INSERT INTO `feedback` (`id`, `product_id`, `user_id`, `review`, `created_at`, `updated_at`) VALUES (13, 18, 74, 'Qui odit non aut quod odit. Atque nemo animi enim dolores. Modi dolorem sequi alias doloribus rerum veritatis sed.', '2012-09-04 20:40:17', '1972-04-06 04:53:47');
INSERT INTO `feedback` (`id`, `product_id`, `user_id`, `review`, `created_at`, `updated_at`) VALUES (14, 79, 15, 'Ipsum qui esse incidunt. Est placeat consequuntur esse corporis officiis id.\nEt aut et sunt. Unde odio explicabo distinctio consequatur. Sint officiis nisi necessitatibus et eveniet.', '1989-05-17 00:18:31', '2006-01-11 18:34:03');
INSERT INTO `feedback` (`id`, `product_id`, `user_id`, `review`, `created_at`, `updated_at`) VALUES (15, 22, 20, 'Deleniti enim distinctio iste molestiae. Quaerat possimus temporibus sint sunt ipsam deserunt. Assumenda neque repudiandae eum et suscipit distinctio minus odio.', '1986-11-17 01:36:51', '2020-03-02 15:56:21');
INSERT INTO `feedback` (`id`, `product_id`, `user_id`, `review`, `created_at`, `updated_at`) VALUES (16, 68, 23, 'Commodi et nihil voluptatem. Dolor temporibus voluptatem adipisci et.', '2010-08-08 03:37:54', '1992-03-06 07:56:25');
INSERT INTO `feedback` (`id`, `product_id`, `user_id`, `review`, `created_at`, `updated_at`) VALUES (17, 24, 13, 'Ea occaecati eum qui voluptas dicta qui. Ea assumenda autem possimus quasi.', '1992-12-19 21:00:33', '1984-01-29 14:39:39');
INSERT INTO `feedback` (`id`, `product_id`, `user_id`, `review`, `created_at`, `updated_at`) VALUES (18, 70, 28, 'Voluptatibus suscipit suscipit sit ad quis quam id dicta. Mollitia optio maxime tempore eos quis quia neque.', '1970-01-01 05:10:59', '1982-12-19 19:25:10');
INSERT INTO `feedback` (`id`, `product_id`, `user_id`, `review`, `created_at`, `updated_at`) VALUES (19, 38, 66, 'Facilis labore reiciendis officia qui eos laborum. Corrupti corrupti ab iusto perspiciatis. Ipsa earum doloribus qui vel blanditiis in. Nesciunt eaque quia commodi accusantium quidem a.', '1975-05-21 02:48:10', '2018-09-18 06:20:41');
INSERT INTO `feedback` (`id`, `product_id`, `user_id`, `review`, `created_at`, `updated_at`) VALUES (20, 19, 90, 'Sed deleniti reprehenderit consequatur quibusdam non. Ut incidunt nulla ipsa et laborum. Exercitationem aliquam et non aut sunt. Temporibus amet quas provident et eligendi.', '2006-01-16 06:11:03', '1996-09-23 05:27:17');
INSERT INTO `feedback` (`id`, `product_id`, `user_id`, `review`, `created_at`, `updated_at`) VALUES (21, 25, 76, 'Saepe qui numquam qui aliquam laudantium delectus dolores. Possimus voluptas voluptate a aut. Ex aspernatur assumenda nesciunt tenetur est. Ea ut commodi repellat est ut odio sunt aut.', '1980-09-14 20:24:03', '1992-04-05 21:44:33');
INSERT INTO `feedback` (`id`, `product_id`, `user_id`, `review`, `created_at`, `updated_at`) VALUES (22, 29, 94, 'Temporibus fugiat esse natus culpa minus eligendi temporibus. Ut odit corporis at ad accusamus corporis. Debitis sit animi aut libero.', '2012-05-27 20:02:20', '2019-09-09 17:11:18');
INSERT INTO `feedback` (`id`, `product_id`, `user_id`, `review`, `created_at`, `updated_at`) VALUES (23, 80, 50, 'Voluptate nostrum autem voluptates nemo eos culpa consequatur. Consectetur quia non quisquam aspernatur nemo rerum facere. At et aspernatur quis sed et. Voluptatibus sed quam ab ut.', '1971-12-10 06:39:16', '1976-08-18 21:46:20');
INSERT INTO `feedback` (`id`, `product_id`, `user_id`, `review`, `created_at`, `updated_at`) VALUES (24, 68, 39, 'Mollitia dolorem dolores quia hic fugiat a consequatur. Veniam necessitatibus nihil minus ut itaque velit. Cum dolorem omnis vero aut. In odit animi nostrum qui sunt reiciendis sint.', '2017-07-25 11:42:57', '1983-03-11 04:42:57');
INSERT INTO `feedback` (`id`, `product_id`, `user_id`, `review`, `created_at`, `updated_at`) VALUES (25, 61, 72, 'Distinctio voluptatem fugiat modi sapiente assumenda voluptatem minus. Praesentium ex aut quo quia dicta. Voluptatem distinctio qui mollitia velit molestiae.', '1970-02-22 11:41:06', '1978-07-20 20:52:36');
INSERT INTO `feedback` (`id`, `product_id`, `user_id`, `review`, `created_at`, `updated_at`) VALUES (26, 42, 77, 'Atque et beatae dolores. Eligendi omnis laudantium ea sint et et. Ut quo voluptas repudiandae pariatur fugit enim iure.', '1972-08-29 06:59:47', '1974-11-03 08:17:21');
INSERT INTO `feedback` (`id`, `product_id`, `user_id`, `review`, `created_at`, `updated_at`) VALUES (27, 39, 75, 'Inventore porro et iusto quod. Et ut facilis est quia minus. Hic odit quod sint illo id. Veritatis inventore in eum consequuntur consequatur repellendus sint.', '1970-10-26 11:45:36', '1987-03-22 16:09:06');
INSERT INTO `feedback` (`id`, `product_id`, `user_id`, `review`, `created_at`, `updated_at`) VALUES (28, 90, 5, 'Doloribus et quia necessitatibus unde. Ipsam nihil aut ipsam nobis recusandae. Aspernatur ut veniam voluptatem quod.', '2012-09-20 18:47:43', '2013-12-12 08:01:19');
INSERT INTO `feedback` (`id`, `product_id`, `user_id`, `review`, `created_at`, `updated_at`) VALUES (29, 94, 67, 'Quasi magnam itaque dolore eaque. Ut enim vel repellat nulla voluptas ex voluptate. Beatae non vel fugit dolor aut consequatur.', '1984-04-07 18:41:52', '1983-12-04 02:57:30');
INSERT INTO `feedback` (`id`, `product_id`, `user_id`, `review`, `created_at`, `updated_at`) VALUES (30, 76, 40, 'Et repellendus quia odit. Dicta sed consequatur eius quo eos omnis qui saepe. Asperiores quaerat neque omnis dolores eveniet. Provident rerum earum laborum doloribus natus.', '2013-07-19 04:36:57', '1982-03-13 12:37:53');
INSERT INTO `feedback` (`id`, `product_id`, `user_id`, `review`, `created_at`, `updated_at`) VALUES (31, 27, 15, 'Quia alias illo ratione illo eos corporis. Consequuntur quas voluptatibus asperiores accusamus quo consequuntur sint. Culpa dolor at fuga veniam asperiores deleniti.', '1980-05-23 02:07:24', '1994-02-02 18:44:45');
INSERT INTO `feedback` (`id`, `product_id`, `user_id`, `review`, `created_at`, `updated_at`) VALUES (32, 54, 5, 'Repellat numquam et architecto quod et repudiandae error. Optio magnam ipsum aliquam impedit. Est aperiam consequatur sint in voluptas incidunt.', '2001-07-10 06:34:53', '2013-07-16 14:26:07');
INSERT INTO `feedback` (`id`, `product_id`, `user_id`, `review`, `created_at`, `updated_at`) VALUES (33, 46, 93, 'Ex ex laudantium dolorum nisi vel. Non accusamus sed velit dolores velit. Libero aliquam illo saepe debitis.', '1974-06-20 13:28:00', '1986-09-26 22:43:10');
INSERT INTO `feedback` (`id`, `product_id`, `user_id`, `review`, `created_at`, `updated_at`) VALUES (34, 44, 78, 'Laudantium laborum provident rerum magni exercitationem. Aliquam rerum rem qui aut omnis. Sint ut quia qui pariatur.', '1989-12-15 03:59:13', '1971-12-08 15:42:29');
INSERT INTO `feedback` (`id`, `product_id`, `user_id`, `review`, `created_at`, `updated_at`) VALUES (35, 60, 3, 'Aspernatur voluptatum impedit optio quaerat. Est distinctio unde minus a ipsam.', '1981-09-11 06:23:47', '1975-10-18 09:29:54');
INSERT INTO `feedback` (`id`, `product_id`, `user_id`, `review`, `created_at`, `updated_at`) VALUES (36, 46, 69, 'Amet est necessitatibus exercitationem quia. Animi iusto vel debitis impedit. Illo est aut et harum.', '2005-04-14 01:02:07', '2008-10-25 19:08:11');
INSERT INTO `feedback` (`id`, `product_id`, `user_id`, `review`, `created_at`, `updated_at`) VALUES (37, 71, 79, 'Perspiciatis vel repellendus molestiae deleniti repellat molestias quidem. Qui mollitia voluptatem consectetur est dicta amet laborum.', '1984-11-04 11:58:03', '1977-04-21 14:38:03');
INSERT INTO `feedback` (`id`, `product_id`, `user_id`, `review`, `created_at`, `updated_at`) VALUES (38, 73, 76, 'Fuga quo vitae quaerat distinctio pariatur cupiditate. Assumenda dolor accusantium iste. Voluptate eveniet aut eaque inventore.', '1997-11-04 10:55:36', '1983-01-08 10:17:32');
INSERT INTO `feedback` (`id`, `product_id`, `user_id`, `review`, `created_at`, `updated_at`) VALUES (39, 37, 16, 'Quo asperiores velit dolor nisi quis ipsa repellat. Sint minus est enim non qui itaque et illo. Reiciendis et dolorem tempora fugit alias dolores iure. Placeat iusto blanditiis dolore sunt ipsum.', '1971-09-27 15:47:34', '1979-12-14 07:40:12');
INSERT INTO `feedback` (`id`, `product_id`, `user_id`, `review`, `created_at`, `updated_at`) VALUES (40, 65, 34, 'Praesentium harum nam consequuntur veniam eos et. Qui in amet quisquam dolorem non est. Quam ea iste sit facere et et.', '1985-07-06 21:41:45', '2009-05-06 01:41:19');
INSERT INTO `feedback` (`id`, `product_id`, `user_id`, `review`, `created_at`, `updated_at`) VALUES (41, 86, 61, 'Commodi soluta aut aliquam qui. Est accusamus minus blanditiis. Ab et nemo omnis illum eos qui ut dolores. Voluptas minima voluptatem ratione consequatur non.', '2005-04-20 13:10:08', '1989-03-25 08:10:57');
INSERT INTO `feedback` (`id`, `product_id`, `user_id`, `review`, `created_at`, `updated_at`) VALUES (42, 84, 55, 'Ducimus nam eos laborum pariatur nemo ab placeat. Cum et sit laudantium eius ut autem.\nEligendi deleniti eum sed alias. Qui laudantium aut fugiat aspernatur. Harum rem ab atque debitis magnam.', '1982-10-10 11:02:25', '1983-03-17 04:26:12');
INSERT INTO `feedback` (`id`, `product_id`, `user_id`, `review`, `created_at`, `updated_at`) VALUES (43, 82, 53, 'Ex sed ipsum consequatur atque vel delectus. Dolorum accusantium voluptate consequatur. Vel iusto architecto est dolorem aut. Sed id asperiores rerum sed quidem.', '2007-03-02 10:41:19', '1977-06-08 17:21:12');
INSERT INTO `feedback` (`id`, `product_id`, `user_id`, `review`, `created_at`, `updated_at`) VALUES (44, 44, 3, 'Amet illo qui animi. Laboriosam neque aut nostrum consequuntur vero. Dolorem ut voluptatem natus quisquam repellat minus nobis.', '2021-02-23 02:45:25', '1988-08-13 05:15:52');
INSERT INTO `feedback` (`id`, `product_id`, `user_id`, `review`, `created_at`, `updated_at`) VALUES (45, 84, 25, 'Quia consectetur veritatis sunt non officia nostrum. Ipsum est atque voluptatem. Sed cupiditate aut consectetur libero et similique consequatur. Exercitationem ut deleniti necessitatibus et fuga.', '1974-05-16 02:07:24', '2000-08-07 02:39:32');
INSERT INTO `feedback` (`id`, `product_id`, `user_id`, `review`, `created_at`, `updated_at`) VALUES (46, 27, 41, 'Error ex quibusdam aperiam voluptatum commodi quos. Dolor facilis et et consectetur. Et expedita quis laudantium itaque odit. Amet reprehenderit ratione aut voluptates.', '2002-08-30 15:59:58', '1980-05-10 03:20:19');
INSERT INTO `feedback` (`id`, `product_id`, `user_id`, `review`, `created_at`, `updated_at`) VALUES (47, 92, 71, 'Non hic debitis dolorum voluptas dolor. Libero vel qui quia ipsam voluptas. Aliquid quia aliquid at mollitia ut unde consequuntur. In ut sed iste magni voluptas debitis.', '2001-06-12 02:24:11', '1986-05-18 09:40:29');
INSERT INTO `feedback` (`id`, `product_id`, `user_id`, `review`, `created_at`, `updated_at`) VALUES (48, 83, 28, 'Expedita id sed ex. Impedit omnis delectus quo eveniet temporibus.', '2008-10-31 22:10:40', '1978-04-10 06:45:44');
INSERT INTO `feedback` (`id`, `product_id`, `user_id`, `review`, `created_at`, `updated_at`) VALUES (49, 52, 59, 'Tenetur animi enim quia quibusdam qui sint. Quia ut illo fugit ut. Aspernatur cum ut sunt dolores corrupti et qui.', '1974-10-14 15:50:02', '2008-12-27 03:40:12');
INSERT INTO `feedback` (`id`, `product_id`, `user_id`, `review`, `created_at`, `updated_at`) VALUES (50, 82, 44, 'Qui blanditiis sed laboriosam debitis veniam fugiat. Distinctio nostrum deleniti odio. Et maxime voluptas qui minus non reiciendis totam.', '1998-10-07 14:36:35', '1981-03-24 23:09:23');
INSERT INTO `feedback` (`id`, `product_id`, `user_id`, `review`, `created_at`, `updated_at`) VALUES (51, 89, 60, 'Quis et itaque praesentium velit sed eos. Tempore qui consequatur debitis laborum quis. Ipsum est ex quasi ullam sit voluptatem rerum.', '1991-12-05 23:33:58', '2010-06-16 01:14:18');
INSERT INTO `feedback` (`id`, `product_id`, `user_id`, `review`, `created_at`, `updated_at`) VALUES (52, 44, 65, 'Quo aperiam amet adipisci laudantium quis ratione. Dolores et dolor quidem. Nihil recusandae nisi voluptas voluptatum enim rerum.', '2012-06-14 03:00:24', '1984-03-30 19:35:55');
INSERT INTO `feedback` (`id`, `product_id`, `user_id`, `review`, `created_at`, `updated_at`) VALUES (53, 2, 8, 'Dolorem vero doloremque officia molestiae aut. Tempore reprehenderit id eos enim. Quos voluptatem aut architecto laborum ad qui.', '1993-05-16 21:58:26', '2015-07-05 07:06:10');
INSERT INTO `feedback` (`id`, `product_id`, `user_id`, `review`, `created_at`, `updated_at`) VALUES (54, 30, 88, 'Et rem sunt facere laborum dolor dolor voluptatem. Fugit eos cumque hic. Dolor quisquam quis voluptatibus aut dolores voluptatem pariatur. Porro in dolores eum iusto.', '2014-06-04 03:32:44', '2003-03-21 16:38:53');
INSERT INTO `feedback` (`id`, `product_id`, `user_id`, `review`, `created_at`, `updated_at`) VALUES (55, 52, 29, 'Odio est iusto ipsum ea et dolorum in. Odit modi consectetur similique perferendis mollitia. Dolorum ut provident delectus dolorem.', '1976-07-18 18:33:56', '1992-05-10 19:35:36');
INSERT INTO `feedback` (`id`, `product_id`, `user_id`, `review`, `created_at`, `updated_at`) VALUES (56, 28, 49, 'Est rerum vel ut dolor dolores totam blanditiis. Error sequi facilis omnis unde debitis et quia. Qui temporibus tenetur ut sint iste. Voluptas distinctio at veritatis.', '1996-04-06 17:02:25', '2011-09-29 17:15:20');
INSERT INTO `feedback` (`id`, `product_id`, `user_id`, `review`, `created_at`, `updated_at`) VALUES (57, 81, 5, 'Sint iure quos qui eos. Eum quis a quae recusandae nam harum. Fugit ut molestiae accusamus eius rerum officia vel placeat. Rerum cumque assumenda ab.', '2017-08-05 05:15:42', '2005-01-25 01:47:49');
INSERT INTO `feedback` (`id`, `product_id`, `user_id`, `review`, `created_at`, `updated_at`) VALUES (58, 38, 28, 'Id cumque enim possimus magnam minus vitae. Accusantium aut qui et praesentium. Possimus harum accusamus reiciendis quia.', '1993-08-28 18:24:31', '1973-12-11 02:31:04');
INSERT INTO `feedback` (`id`, `product_id`, `user_id`, `review`, `created_at`, `updated_at`) VALUES (59, 49, 38, 'Est quisquam porro recusandae alias exercitationem animi sit est. Voluptas quam nemo qui est. Id sapiente vel omnis est delectus nostrum.', '2002-06-18 12:40:00', '1970-06-07 09:07:28');
INSERT INTO `feedback` (`id`, `product_id`, `user_id`, `review`, `created_at`, `updated_at`) VALUES (60, 69, 12, 'Eos deleniti dicta hic impedit alias. Modi blanditiis repellat expedita sit vel eum porro. Eius enim aperiam voluptatem nam dicta. Molestiae odio aut est in rem aliquam.', '2013-05-30 13:56:14', '1980-05-03 02:02:57');
INSERT INTO `feedback` (`id`, `product_id`, `user_id`, `review`, `created_at`, `updated_at`) VALUES (61, 94, 68, 'Consequatur blanditiis sequi magni et nam rerum natus. Amet ipsum praesentium qui aut quidem deleniti. Id eius perferendis esse ut.', '2006-09-02 22:10:32', '2021-03-28 14:48:20');
INSERT INTO `feedback` (`id`, `product_id`, `user_id`, `review`, `created_at`, `updated_at`) VALUES (62, 6, 66, 'Nemo deleniti explicabo ab similique qui. Sunt iste assumenda autem doloribus aliquam consequatur. Aut est voluptas hic autem aliquam quibusdam sunt.', '1996-02-14 16:05:45', '1986-02-11 19:26:30');
INSERT INTO `feedback` (`id`, `product_id`, `user_id`, `review`, `created_at`, `updated_at`) VALUES (63, 18, 78, 'In non sint omnis ea. Nihil amet nesciunt possimus aliquam. Qui iure quaerat impedit tempore sed accusantium omnis cupiditate. Vel placeat est tempore commodi distinctio blanditiis.', '1985-11-24 05:11:19', '2013-01-07 14:31:03');
INSERT INTO `feedback` (`id`, `product_id`, `user_id`, `review`, `created_at`, `updated_at`) VALUES (64, 92, 16, 'Minus tempora est dolore ea earum et. Tenetur sit suscipit est. Consectetur dolores porro dolores rerum reiciendis sit. Fugiat qui excepturi magnam ut aspernatur.', '1990-08-29 18:30:45', '2001-04-10 21:55:44');
INSERT INTO `feedback` (`id`, `product_id`, `user_id`, `review`, `created_at`, `updated_at`) VALUES (65, 55, 7, 'Cumque expedita earum eius reiciendis exercitationem ipsam nobis. Non fuga et qui sit molestias ducimus. Earum molestiae natus quo ea maxime.', '2000-09-09 07:54:41', '1990-04-30 13:28:01');
INSERT INTO `feedback` (`id`, `product_id`, `user_id`, `review`, `created_at`, `updated_at`) VALUES (66, 45, 29, 'Iusto corporis sequi voluptates quis modi possimus quod sit. Consequatur labore ut est et fugiat rerum. Voluptatem omnis delectus et quod et sit omnis. Distinctio est nemo est omnis aperiam.', '1987-10-17 14:08:34', '2003-07-27 14:57:21');
INSERT INTO `feedback` (`id`, `product_id`, `user_id`, `review`, `created_at`, `updated_at`) VALUES (67, 28, 40, 'Neque similique reprehenderit laudantium est et est sunt. Inventore et quo modi illo rerum enim. Sunt alias omnis magni. Voluptatem soluta quibusdam quis sequi ut aut.', '1981-05-20 11:48:20', '2017-07-26 16:58:17');
INSERT INTO `feedback` (`id`, `product_id`, `user_id`, `review`, `created_at`, `updated_at`) VALUES (68, 82, 21, 'Libero nam reprehenderit voluptatem enim enim possimus. Aut ut eos recusandae sapiente debitis. Et assumenda minima odio cupiditate quia.', '1998-08-05 08:05:25', '1994-02-13 21:34:18');
INSERT INTO `feedback` (`id`, `product_id`, `user_id`, `review`, `created_at`, `updated_at`) VALUES (69, 33, 25, 'Corporis quisquam culpa dolorem saepe. Id voluptas molestiae dignissimos et dolores voluptates unde laboriosam. Voluptatem eos ratione corrupti architecto ipsam.', '2003-04-17 07:20:57', '1983-01-09 14:19:57');
INSERT INTO `feedback` (`id`, `product_id`, `user_id`, `review`, `created_at`, `updated_at`) VALUES (70, 4, 86, 'Nisi consequuntur voluptas natus soluta sint. Beatae ab nulla suscipit labore et qui voluptatem. Id quae praesentium et dolores non ut ullam minus.', '2019-07-25 00:27:32', '2014-07-25 16:48:21');
INSERT INTO `feedback` (`id`, `product_id`, `user_id`, `review`, `created_at`, `updated_at`) VALUES (71, 89, 22, 'Mollitia officiis culpa incidunt. Enim ipsam eius unde. Ut ducimus dolor fugit earum porro alias. Numquam nobis iusto est.', '2014-01-12 18:11:54', '1984-01-07 06:01:30');
INSERT INTO `feedback` (`id`, `product_id`, `user_id`, `review`, `created_at`, `updated_at`) VALUES (72, 39, 42, 'Modi quo laboriosam ut eveniet omnis cupiditate architecto et. Maiores id cumque id illum quia quae laboriosam. Ea in sit molestias a. Aut quasi ut blanditiis nemo et ex dolorem quidem.', '2006-04-05 18:02:13', '2002-04-15 16:57:42');
INSERT INTO `feedback` (`id`, `product_id`, `user_id`, `review`, `created_at`, `updated_at`) VALUES (73, 61, 40, 'Ipsum voluptas doloribus et est et pariatur. Nostrum repellendus quam totam tempora cumque eligendi provident. Est ipsa aut placeat qui blanditiis sed et ea. Incidunt cupiditate voluptatum neque.', '2011-08-26 06:26:54', '2005-03-05 11:33:26');
INSERT INTO `feedback` (`id`, `product_id`, `user_id`, `review`, `created_at`, `updated_at`) VALUES (74, 54, 64, 'Itaque sed qui nam incidunt. Aperiam deserunt quas laborum labore tenetur sit expedita.', '2012-12-14 19:39:15', '1987-12-25 06:28:46');
INSERT INTO `feedback` (`id`, `product_id`, `user_id`, `review`, `created_at`, `updated_at`) VALUES (75, 61, 1, 'Laudantium repellat ut aperiam et. Necessitatibus maxime repellendus consectetur est. Est et molestias sit quasi.', '2013-01-19 11:39:57', '2006-09-21 10:05:58');
INSERT INTO `feedback` (`id`, `product_id`, `user_id`, `review`, `created_at`, `updated_at`) VALUES (76, 79, 99, 'Aut dolores accusamus sit illo consequatur unde consequatur. Nihil quo labore omnis veniam. Ab voluptatem dolor ratione.', '1971-11-08 13:15:13', '2000-11-11 20:44:34');
INSERT INTO `feedback` (`id`, `product_id`, `user_id`, `review`, `created_at`, `updated_at`) VALUES (77, 75, 93, 'Et fugit ullam corrupti nobis nemo soluta debitis. Quae eos eaque quo. Maiores quibusdam vel rerum odit ut dolore voluptatem. Quos id labore cum quo omnis et similique aut.', '1970-07-03 14:48:55', '2012-04-09 12:03:33');
INSERT INTO `feedback` (`id`, `product_id`, `user_id`, `review`, `created_at`, `updated_at`) VALUES (78, 33, 23, 'Non consequatur a nobis vitae vitae qui. Enim nesciunt et cum. Ratione nesciunt iste error dolores alias.', '2002-09-04 11:31:36', '1981-06-24 16:23:09');
INSERT INTO `feedback` (`id`, `product_id`, `user_id`, `review`, `created_at`, `updated_at`) VALUES (79, 37, 68, 'Saepe rem eveniet impedit et adipisci rem. Est amet ea non rerum. Ad velit sed quia magni illum.', '2005-11-05 10:10:18', '1971-06-24 18:27:34');
INSERT INTO `feedback` (`id`, `product_id`, `user_id`, `review`, `created_at`, `updated_at`) VALUES (80, 1, 97, 'Asperiores ipsa aut nesciunt quisquam consequatur et. Sunt qui quisquam accusantium reprehenderit rerum. Enim est dolorem incidunt aut eaque.', '2014-11-08 04:57:46', '2002-10-15 04:19:23');
INSERT INTO `feedback` (`id`, `product_id`, `user_id`, `review`, `created_at`, `updated_at`) VALUES (81, 98, 7, 'Ipsum quis consequatur quas culpa est est ullam. Cum rerum ut labore optio harum. Blanditiis dolores sunt et beatae iusto sunt ut.', '2003-07-21 11:22:41', '2016-10-10 01:21:00');
INSERT INTO `feedback` (`id`, `product_id`, `user_id`, `review`, `created_at`, `updated_at`) VALUES (82, 91, 42, 'Recusandae placeat et consectetur quidem. Perspiciatis in magni velit. Et eos ut qui numquam dignissimos tempora.', '2012-03-14 08:21:56', '1992-10-06 17:03:54');
INSERT INTO `feedback` (`id`, `product_id`, `user_id`, `review`, `created_at`, `updated_at`) VALUES (83, 37, 27, 'Cupiditate in sed molestiae et ut tempora velit. Aliquid enim omnis provident. Minima quia in veritatis temporibus minima quis.', '1974-04-17 10:26:42', '1986-03-10 11:54:01');
INSERT INTO `feedback` (`id`, `product_id`, `user_id`, `review`, `created_at`, `updated_at`) VALUES (84, 91, 38, 'Quos et et doloribus delectus consequatur quos. Ab optio voluptatum molestiae voluptatem quisquam quo nobis. Incidunt quod repellendus quasi et.', '1996-05-22 00:13:47', '1992-06-17 00:21:53');
INSERT INTO `feedback` (`id`, `product_id`, `user_id`, `review`, `created_at`, `updated_at`) VALUES (85, 54, 34, 'Quibusdam voluptatem iure iure et. Ipsum et aut non rerum. Sed ut enim dolorum totam natus sunt.', '1970-09-17 17:31:58', '2016-06-08 00:04:30');
INSERT INTO `feedback` (`id`, `product_id`, `user_id`, `review`, `created_at`, `updated_at`) VALUES (86, 2, 75, 'Mollitia nisi reiciendis voluptatem voluptate. Et odit dolor nesciunt omnis est quis. Ex voluptatem animi facere sit eum ipsam. Nisi sed aut ut alias.', '2010-05-17 05:25:35', '1997-02-04 10:01:13');
INSERT INTO `feedback` (`id`, `product_id`, `user_id`, `review`, `created_at`, `updated_at`) VALUES (87, 33, 87, 'Maiores aliquam nisi id et non. Necessitatibus repellat omnis illum inventore.\nDolorem quibusdam reprehenderit eum. Sed alias numquam nihil voluptatibus vitae reiciendis magnam.', '1996-01-21 00:50:17', '1976-10-13 11:50:39');
INSERT INTO `feedback` (`id`, `product_id`, `user_id`, `review`, `created_at`, `updated_at`) VALUES (88, 16, 67, 'Impedit voluptas ut iste ut. Ipsa minima rerum ex eius. Voluptatem esse natus vel eum itaque. Fugit doloribus quis vel est.', '1984-10-24 17:30:35', '1992-09-16 15:28:52');
INSERT INTO `feedback` (`id`, `product_id`, `user_id`, `review`, `created_at`, `updated_at`) VALUES (89, 92, 16, 'Nam incidunt recusandae in ullam ut beatae sed rem. Illum aut placeat deleniti. Et quam aliquam ut vel voluptatum assumenda.', '1990-04-01 01:11:19', '2015-12-15 14:33:29');
INSERT INTO `feedback` (`id`, `product_id`, `user_id`, `review`, `created_at`, `updated_at`) VALUES (90, 44, 22, 'Amet amet et debitis quis. Minima aut non commodi voluptas illo maiores aut. Aspernatur doloremque rem beatae laudantium ex beatae vitae. Iusto consequatur dolore enim omnis enim cumque ut.', '1990-06-13 16:26:02', '1987-07-04 20:33:47');
INSERT INTO `feedback` (`id`, `product_id`, `user_id`, `review`, `created_at`, `updated_at`) VALUES (91, 11, 92, 'Ut delectus fugiat in dignissimos assumenda magnam. Deleniti ratione quas similique consequatur est omnis dolores. Unde optio necessitatibus totam molestias. Error autem quod velit nostrum.', '1985-06-30 19:04:08', '2017-03-30 02:39:10');
INSERT INTO `feedback` (`id`, `product_id`, `user_id`, `review`, `created_at`, `updated_at`) VALUES (92, 19, 36, 'Esse id et quis aut laboriosam facilis sed ut. Rem et fugiat voluptate aut quod aperiam nihil. Dolorum cumque veritatis minima placeat.', '1988-09-16 09:18:58', '1985-05-20 06:45:34');
INSERT INTO `feedback` (`id`, `product_id`, `user_id`, `review`, `created_at`, `updated_at`) VALUES (93, 76, 86, 'Incidunt voluptas aut minima optio et iure sit. Et similique doloremque dolorum consequatur. Animi quia voluptatem qui soluta hic ex tempora.', '2019-02-07 18:46:44', '1991-06-30 13:46:13');
INSERT INTO `feedback` (`id`, `product_id`, `user_id`, `review`, `created_at`, `updated_at`) VALUES (94, 9, 37, 'Reiciendis necessitatibus dicta consequatur molestiae quo. Illo aliquam aut explicabo qui quia amet.', '2015-02-17 14:55:52', '1994-02-08 15:54:22');
INSERT INTO `feedback` (`id`, `product_id`, `user_id`, `review`, `created_at`, `updated_at`) VALUES (95, 14, 55, 'Neque nulla veritatis autem sequi. Quae asperiores in dolorum fugiat architecto alias. Exercitationem nisi tempora fuga in voluptas vitae.', '1982-01-12 22:02:42', '1995-06-02 12:23:20');
INSERT INTO `feedback` (`id`, `product_id`, `user_id`, `review`, `created_at`, `updated_at`) VALUES (96, 61, 13, 'Fugiat architecto culpa assumenda velit. Sequi maxime voluptatibus ducimus aut provident est necessitatibus ut.', '1998-06-21 20:32:13', '1999-02-19 03:56:06');
INSERT INTO `feedback` (`id`, `product_id`, `user_id`, `review`, `created_at`, `updated_at`) VALUES (97, 100, 2, 'Excepturi distinctio est nostrum voluptatum autem eligendi nam. Ut velit eligendi et eveniet. Sunt voluptatum dicta exercitationem earum odio sint. Qui voluptate qui sit impedit eum.', '1978-12-05 07:40:21', '1994-03-15 10:26:23');
INSERT INTO `feedback` (`id`, `product_id`, `user_id`, `review`, `created_at`, `updated_at`) VALUES (98, 44, 68, 'Id inventore vero sequi expedita sit quibusdam voluptatum. Vero sint et perferendis natus. Voluptate ducimus consectetur nihil eos repellat est nemo.', '1992-06-30 06:00:51', '2004-11-18 20:35:07');
INSERT INTO `feedback` (`id`, `product_id`, `user_id`, `review`, `created_at`, `updated_at`) VALUES (99, 41, 69, 'Libero recusandae et et libero aliquid consequatur. Veniam quidem aut est distinctio maiores.', '1996-06-26 19:03:16', '2012-01-01 10:01:07');
INSERT INTO `feedback` (`id`, `product_id`, `user_id`, `review`, `created_at`, `updated_at`) VALUES (100, 1, 8, 'Rerum tempore pariatur modi illo ex placeat. Magni veniam magnam asperiores ea id saepe fuga. Tempora quasi quisquam corrupti fuga reiciendis saepe.', '2010-08-25 15:55:12', '1970-09-05 23:20:02');

-- 11. Статус заказа --

CREATE TABLE `OrderStatus`(
  `id` INT UNSIGNED NOT NULL AUTO_INCREMENT PRIMARY KEY COMMENT 'Идентификатор строки',
  `status` VARCHAR(50)  COMMENT 'Статус заказа',
  `created_at` DATETIME DEFAULT CURRENT_TIMESTAMP() COMMENT 'Дата создания строки',
  `updated_at` DATETIME DEFAULT CURRENT_TIMESTAMP() COMMENT 'Дата последнего обновления строки'
);

INSERT INTO `OrderStatus` (`id`, `status`, `created_at`, `updated_at`) VALUES (1,'оплачен', '2010-08-25 15:55:12', '1970-09-05 23:20:02');
INSERT INTO `OrderStatus` (`id`, `status`, `created_at`, `updated_at`) VALUES (2,'в пути', '2010-08-25 15:55:12', '1970-09-05 23:20:02');
INSERT INTO `OrderStatus` (`id`, `status`, `created_at`, `updated_at`) VALUES (3,'в пункте выдачи', '2010-08-25 15:55:12', '1970-09-05 23:20:02');
INSERT INTO `OrderStatus` (`id`, `status`, `created_at`, `updated_at`) VALUES (4,'закрыт', '2010-08-25 15:55:12', '1970-09-05 23:20:02');

ALTER TABLE profile ADD CONSTRAINT fk_profiles_users FOREIGN KEY (user_id) REFERENCES users(id);

ALTER TABLE subcataloge ADD CONSTRAINT fk_subcataloge_cataloge FOREIGN KEY (catalode_id) REFERENCES cataloge(id);

ALTER TABLE product ADD CONSTRAINT fk_product_subcataloge FOREIGN KEY (subcatalode_id) REFERENCES subcataloge(id);

ALTER TABLE product_description ADD CONSTRAINT fk_product_description FOREIGN KEY (product_id) REFERENCES product(id);

ALTER TABLE feedback ADD CONSTRAINT fk_product_feedback FOREIGN KEY (product_id) REFERENCES product(id);
ALTER TABLE feedback ADD CONSTRAINT fk_feedback_user FOREIGN KEY (user_id) REFERENCES users(id);

ALTER TABLE `basket` ADD CONSTRAINT fk_basket_user FOREIGN KEY (user_id) REFERENCES users(id);
ALTER TABLE `basket` ADD CONSTRAINT fk_basket_product FOREIGN KEY (product_id) REFERENCES product(id);

ALTER TABLE `order` ADD CONSTRAINT fk_order_basket FOREIGN KEY (basket_id) REFERENCES basket(id);
ALTER TABLE `order` ADD CONSTRAINT fk_order_status FOREIGN KEY (status_id) REFERENCES `OrderStatus`(id);
ALTER TABLE `order` ADD CONSTRAINT fk_order_pick_point FOREIGN KEY (pick_point_id) REFERENCES `PickPoint`(id);

CREATE INDEX basket_quantity_idx ON basket(quantity);
CREATE INDEX price_product_ind ON product(price);
CREATE INDEX cataloge_name_idx ON cataloge(name);
CREATE INDEX name_product_ind ON product(name);
